id,symbol,name,image,current_price,market_cap,market_cap_rank,fully_diluted_valuation,total_volume,high_24h,low_24h,price_change_24h,price_change_percentage_24h,market_cap_change_24h,market_cap_change_percentage_24h,circulating_supply,total_supply,max_supply,ath,ath_change_percentage,ath_date,atl,atl_change_percentage,atl_date,roi,last_updated
bitcoin,btc,Bitcoin,https://coin-images.coingecko.com/coins/images/1/large/bitcoin.png?1696501400,4864426.0,96017351502710,1,102249881011820.0,2109243439290.0,4900196.0,4769558.0,-19317.127074056305,-0.39554,-352336819707.6875,-0.36561,19719968.0,21000000.0,21000000.0,6110932.0,-20.28289,2024-03-14T07:10:36.635Z,3993.42,121887.1549,2013-07-05T00:00:00.000Z,,2024-07-11T10:16:58.437Z
ethereum,eth,Ethereum,https://coin-images.coingecko.com/coins/images/279/large/ethereum.png?1696501628,262183.0,31584083105078,2,31584083105078.0,1180992439557.0,263108.0,256204.0,4140.61,1.60462,573835657937.0,1.85047,120209171.41823,120209171.41823,,362338.0,-27.56199,2021-11-10T14:24:19.604Z,28.13,932922.30755,2015-10-20T00:00:00.000Z,"{'times': 71.08066498937798, 'currency': 'btc', 'percentage': 7108.066498937798}",2024-07-11T10:16:00.228Z
tether,usdt,Tether,https://coin-images.coingecko.com/coins/images/325/large/Tether.png?1696501661,83.53,9384498622619,3,9384498622619.0,3310148978596.0,83.68,83.18,0.02161628,0.02589,4689875077.0,0.05,112259808785.143,112259808785.143,,91.22,-8.34384,2018-07-24T00:00:00.000Z,36.86,126.8335,2015-03-02T00:00:00.000Z,,2024-07-11T10:16:10.163Z
binancecoin,bnb,BNB,https://coin-images.coingecko.com/coins/images/825/large/bnb-icon2_2x.png?1696501970,44308.0,6830159886144,4,6830159886144.0,60710032008.0,44452.0,43444.0,629.26,1.44063,108201950074.0,1.60968,153856150.0,153856150.0,200000000.0,59899.0,-26.02593,2024-06-06T14:10:59.816Z,2.58,1714174.44437,2017-10-19T00:00:00.000Z,,2024-07-11T10:16:48.243Z
solana,sol,Solana,https://coin-images.coingecko.com/coins/images/4128/large/solana.png?1718769756,11911.38,5536767844257,5,6921453879159.0,177162738501.0,12012.98,11655.6,-56.99967773136632,-0.47625,-16435463771.395508,-0.29596,463963262.360161,579995479.742006,,19286.66,-38.1245,2021-11-06T21:54:35.825Z,38.03,31283.29132,2020-05-11T19:35:23.449Z,,2024-07-11T10:16:39.189Z
usd-coin,usdc,USDC,https://coin-images.coingecko.com/coins/images/6319/large/usdc.png?1696506694,83.54,2850148226345,6,2850601190081.0,492383608683.0,83.86,82.99,-0.02658617198984814,-0.03182,8536093034.0,0.3004,34136885196.3334,34142310447.864,,87.19,-4.07009,2020-03-13T02:35:16.858Z,65.31,28.07168,2021-05-19T13:14:05.611Z,,2024-07-11T10:16:47.750Z
staked-ether,steth,Lido Staked Ether,https://coin-images.coingecko.com/coins/images/13442/large/steth_logo.png?1696513206,262402.0,2551387198693,7,2551387198693.0,6566216232.0,263034.0,256222.0,4730.77,1.83597,42768613071.0,1.70487,9715227.84025502,9715227.84025502,,358528.0,-26.82169,2021-11-10T14:40:47.256Z,35697.0,634.97766,2020-12-22T04:08:21.854Z,,2024-07-11T10:16:34.348Z
ripple,xrp,XRP,https://coin-images.coingecko.com/coins/images/44/large/xrp-symbol-white-128.png?1696501442,37.21,2077407120215,8,3727624998891.0,77404922139.0,37.35,36.01,0.408263,1.10946,28623078107.0,1.39708,55723063839.0,99987471767.0,100000000000.0,215.1,-82.64263,2018-01-07T00:00:00.000Z,0.159343,23331.53037,2013-08-16T00:00:00.000Z,,2024-07-11T10:16:35.590Z
the-open-network,ton,Toncoin,https://coin-images.coingecko.com/coins/images/17980/large/ton_symbol.png?1696517498,597.54,1499459696598,9,3055895809452.0,20511339085.0,614.25,593.92,-14.428603401800387,-2.35773,-33800700277.367188,-2.2045,2506792540.33612,5108838094.52057,,689.6,-13.16935,2024-06-15T00:36:51.509Z,38.25,1465.26872,2021-09-21T00:33:11.092Z,,2024-07-11T10:16:31.533Z
dogecoin,doge,Dogecoin,https://coin-images.coingecko.com/coins/images/5/large/dogecoin.png?1696501409,9.12,1324641351040,10,1324855600439.0,40988596903.0,9.22,8.91,0.04613633,0.50847,7457172794.0,0.56615,145046316383.705,145069776383.705,,53.62,-82.95294,2021-05-08T05:08:23.458Z,0.00552883,165219.63706,2015-05-06T00:00:00.000Z,,2024-07-11T10:17:01.424Z
cardano,ada,Cardano,https://coin-images.coingecko.com/coins/images/975/large/cardano.png?1696502090,32.79,1164998623290,11,1478956414104.0,20726087831.0,32.99,31.75,0.77983,2.43601,27609504498.0,2.42745,35447250201.636,45000000000.0,45000000000.0,225.26,-85.42548,2021-09-02T06:00:10.474Z,1.38,2286.97912,2017-11-02T00:00:00.000Z,,2024-07-11T10:15:51.021Z
tron,trx,TRON,https://coin-images.coingecko.com/coins/images/1094/large/tron-logo.png?1696502193,11.23,979540256009,12,979542696365.0,33319870611.0,11.25,10.84,0.383831,3.53943,33030409956.0,3.48971,87140109743.7888,87140326838.3996,,14.67,-23.43509,2018-01-05T00:00:00.000Z,0.117589,9449.7372,2017-11-12T00:00:00.000Z,"{'times': 69.72713475000805, 'currency': 'usd', 'percentage': 6972.713475000805}",2024-07-11T10:15:54.075Z
avalanche-2,avax,Avalanche,https://coin-images.coingecko.com/coins/images/12559/large/Avalanche_Circle_RedWhite_Trans.png?1696512369,2140.39,846137112418,13,952003875521.0,22850538883.0,2251.4,2106.7,-96.81446777045403,-4.32747,-37798411077.62134,-4.27615,394397831.034598,443744195.284803,720000000.0,10772.35,-80.04606,2021-11-21T14:18:56.538Z,204.63,950.43908,2020-12-31T13:15:21.540Z,,2024-07-11T10:16:29.333Z
shiba-inu,shib,Shiba Inu,https://coin-images.coingecko.com/coins/images/11939/large/shiba.png?1696511800,0.00138284,816909074858,14,1386301435760.0,16234839418.0,0.00139707,0.00135536,-2.848079179097e-06,-0.20553,-1335762881.7565918,-0.16325,589261927050330.0,999982348892516.0,,0.00645756,-78.51849,2021-10-28T03:54:55.568Z,4.169e-09,33273649.10602,2020-11-28T11:26:25.838Z,,2024-07-11T10:15:52.771Z
wrapped-bitcoin,wbtc,Wrapped Bitcoin,https://coin-images.coingecko.com/coins/images/7598/large/wrapped_bitcoin_wbtc.png?1696507857,4867064.0,745938137940,15,745938137940.0,28120098432.0,4901992.0,4789591.0,-12602.217290030792,-0.25826,-3421652258.9384766,-0.45661,153034.63172999,153034.63172999,153034.63172999,6091669.0,-20.02007,2024-03-14T07:10:23.403Z,217246.0,2142.6746,2019-04-02T00:00:00.000Z,,2024-07-11T10:15:31.505Z
polkadot,dot,Polkadot,https://coin-images.coingecko.com/coins/images/12171/large/polkadot.png?1696512008,510.98,709404453173,16,750826796962.0,14205207860.0,514.92,502.59,-1.386634996732198,-0.27063,-3150645101.489746,-0.44216,1386345391.66438,1467294524.65357,,4095.22,-87.50064,2021-11-04T14:10:09.301Z,202.26,153.0819,2020-08-19T03:44:11.556Z,,2024-07-11T10:15:49.858Z
chainlink,link,Chainlink,https://coin-images.coingecko.com/coins/images/877/large/chainlink-new-logo.png?1696502009,1070.94,652798109143,17,1073504587968.0,25198748857.0,1084.56,1050.63,-8.018457107602217,-0.74317,-3979920266.6956787,-0.60598,608099971.3083414,1000000000.0,1000000000.0,3862.15,-72.19612,2021-05-10T00:13:57.214Z,9.55,11148.20544,2017-11-29T00:00:00.000Z,,2024-07-11T10:16:30.692Z
bitcoin-cash,bch,Bitcoin Cash,https://coin-images.coingecko.com/coins/images/780/large/bitcoin-cash-circle.png?1696501932,28641.0,566450355590,18,602873327430.0,13381966365.0,28792.0,27987.0,177.23,0.62265,1837478745.0,0.32544,19731271.7716508,21000000.0,21000000.0,242198.0,-88.16058,2017-12-20T00:00:00.000Z,5536.54,417.92007,2018-12-16T00:00:00.000Z,,2024-07-11T10:17:06.180Z
uniswap,uni,Uniswap,https://coin-images.coingecko.com/coins/images/12504/large/uniswap-logo.png?1720676669,666.5,503617814173,19,668134896675.0,12154863205.0,684.75,658.35,-7.490103218416834,-1.11131,-6346096867.64856,-1.24442,753766667.0,1000000000.0,1000000000.0,3333.06,-79.95358,2021-05-03T05:25:04.822Z,75.81,781.3852,2020-09-17T01:20:38.214Z,,2024-07-11T10:16:45.413Z
dai,dai,Dai,https://coin-images.coingecko.com/coins/images/9956/large/Badge_Dai.png?1696509996,83.54,441621647080,20,441687927538.0,15070208679.0,83.72,83.24,0.060435,0.0724,-1416600755.3102417,-0.31975,5284488131.60575,5285281250.09883,,90.72,-7.87928,2020-03-13T03:02:50.373Z,64.85,28.87361,2019-11-25T00:04:18.137Z,,2024-07-11T10:16:05.992Z
near,near,NEAR Protocol,https://coin-images.coingecko.com/coins/images/10365/large/near.jpg?1696510367,399.25,440039728356,21,474808613774.0,17204015861.0,402.65,380.71,14.93,3.88609,18462864837.0,4.37948,1096600416.2902,1183246170.6779,,1518.16,-73.62225,2022-01-16T22:09:45.873Z,39.17,922.30504,2020-11-04T16:09:15.137Z,,2024-07-11T10:16:44.296Z
leo-token,leo,LEO Token,https://coin-images.coingecko.com/coins/images/8418/large/leo-token.png?1696508607,473.47,438759412103,22,466816772648.0,139662999.0,491.07,473.45,-14.981876474007663,-3.06721,-13775053454.125916,-3.04398,926023079.9,985239504.0,,607.87,-22.02071,2022-02-08T17:40:10.285Z,56.97,731.98071,2019-12-24T15:14:35.376Z,,2024-07-11T10:16:28.998Z
litecoin,ltc,Litecoin,https://coin-images.coingecko.com/coins/images/2/large/litecoin.png?1696501400,5644.21,422493946820,23,474855479056.0,19802030628.0,5678.44,5459.19,154.59,2.81613,11487693907.0,2.79502,74737458.2334713,84000000.0,84000000.0,30082.0,-81.20928,2021-05-10T03:13:07.904Z,72.12,7737.55397,2015-01-14T00:00:00.000Z,,2024-07-11T10:15:41.922Z
matic-network,matic,Polygon,https://coin-images.coingecko.com/coins/images/4713/large/polygon.png?1698233745,42.89,398962823879,24,429780512005.0,17241593798.0,43.16,41.65,0.855052,2.03392,7093303733.0,1.81012,9282943566.203985,10000000000.0,10000000000.0,219.06,-80.37248,2021-12-27T02:08:34.307Z,0.220692,19382.09405,2019-05-10T00:00:00.000Z,"{'times': 194.19767452400288, 'currency': 'usd', 'percentage': 19419.76745240029}",2024-07-11T10:15:35.342Z
wrapped-eeth,weeth,Wrapped eETH,https://coin-images.coingecko.com/coins/images/33033/large/weETH.png?1701438396,273565.0,380997631140,25,380997631140.0,5438066377.0,274037.0,266830.0,5318.12,1.98254,13041380635.0,3.54427,1390315.40919043,1390315.40919043,,347832.0,-21.28792,2024-03-13T08:29:59.938Z,185422.0,47.65579,2024-01-08T03:35:28.624Z,,2024-07-11T10:16:21.747Z
kaspa,kas,Kaspa,https://coin-images.coingecko.com/coins/images/25751/large/kaspa-icon-exchanges.png?1696524837,14.13,342246165878,26,342253177501.0,2718926184.0,14.26,13.93,-0.07508007425450991,-0.52847,-1680855766.7426147,-0.48872,24158231046.8103,24158725978.2937,28704026601.0,16.48,-13.99366,2024-06-30T13:25:37.086Z,0.01327337,106655.91995,2022-05-26T14:42:59.316Z,,2024-07-11T10:16:41.786Z
pepe,pepe,Pepe,https://coin-images.coingecko.com/coins/images/29850/large/pepe-token.jpeg?1696528776,0.00077921,328643624012,27,328643624012.0,60863049698.0,0.00078426,0.00075108,1.822e-05,2.39412,6980868003.0,2.17024,420690000000000.0,420690000000000.0,420690000000000.0,0.00142629,-45.09272,2024-05-27T08:30:07.709Z,4.52e-06,17224.68509,2023-04-18T02:14:41.591Z,,2024-07-11T10:16:02.581Z
ethena-usde,usde,Ethena USDe,https://coin-images.coingecko.com/coins/images/33613/large/USDE.png?1716355685,83.47,287944984830,28,287944984830.0,4574621678.0,83.69,82.93,0.106967,0.12831,-184197386.3112793,-0.06393,3451423520.86657,3451423520.86657,,85.82,-2.68117,2023-12-20T15:38:34.596Z,80.71,3.47993,2024-04-13T20:11:19.603Z,,2024-07-11T10:16:38.384Z
internet-computer,icp,Internet Computer,https://coin-images.coingecko.com/coins/images/14495/large/Internet_Computer_logo.png?1696514180,615.57,287132603176,29,320701135687.0,5149771259.0,619.08,595.89,12.99,2.1553,6395862296.0,2.27824,466080731.582383,520570002.454494,,51433.0,-98.79884,2021-05-10T16:05:53.653Z,237.38,160.2493,2023-09-22T00:29:57.369Z,,2024-07-11T10:16:04.246Z
ethereum-classic,etc,Ethereum Classic,https://coin-images.coingecko.com/coins/images/453/large/ethereum-classic-logo.png?1696501717,1764.37,261374555272,30,372425330636.0,7694871494.0,1771.73,1732.33,15.86,0.90709,2458355911.0,0.94948,147872913.750622,210700000.0,210700000.0,12296.58,-85.6118,2021-05-06T18:34:22.133Z,41.44,4169.90564,2016-07-25T00:00:00.000Z,"{'times': 45.924928296980866, 'currency': 'usd', 'percentage': 4592.492829698087}",2024-07-11T10:15:38.688Z
fetch-ai,fet,Artificial Superintelligence Alliance,https://coin-images.coingecko.com/coins/images/5681/large/ASI.png?1719827289,99.44,251108283445,31,262018617875.0,8569299241.0,101.94,98.08,-0.4886641401565157,-0.48903,-1062511629.2564697,-0.42135,2521012371.0,2630547141.0,2630547141.0,287.87,-65.45316,2024-03-28T17:21:18.050Z,0.616804,16023.70144,2020-03-13T02:24:18.347Z,"{'times': 12.726313063597301, 'currency': 'usd', 'percentage': 1272.6313063597302}",2024-07-11T10:16:37.340Z
monero,xmr,Monero,https://coin-images.coingecko.com/coins/images/69/large/monero_logo.png?1696501460,13243.8,244524968418,32,,5580293682.0,13294.35,12774.25,344.59,2.67144,6519119069.0,2.73906,18445342.6021475,18444108.0,,37647.0,-64.77955,2021-05-07T16:03:51.202Z,13.57,97606.17448,2015-01-14T00:00:00.000Z,,2024-07-11T10:15:56.125Z
aptos,apt,Aptos,https://coin-images.coingecko.com/coins/images/26455/large/aptos_round.png?1696525528,517.77,235714766493,33,572993107081.0,8526797127.0,521.23,501.96,12.63,2.49977,5563195302.0,2.41719,454666336.696087,1105236981.2268,,1622.34,-67.93038,2023-01-26T14:25:17.390Z,255.21,103.86184,2022-12-29T21:35:14.796Z,,2024-07-11T10:15:59.619Z
stellar,xlm,Stellar,https://coin-images.coingecko.com/coins/images/100/large/Stellar_symbol_black_RGB.png?1696501482,7.38,216031449154,34,369587539977.0,3629707977.0,7.41,7.25,0.00801722,0.10876,483718234.0,0.22441,29227063497.716,50001786967.3715,50001786967.3715,58.01,-87.24907,2021-05-16T09:48:45.220Z,0.02966141,24836.27859,2015-03-05T00:00:00.000Z,,2024-07-11T10:17:01.437Z
render-token,rndr,Render,https://coin-images.coingecko.com/coins/images/11636/large/rndr.png?1696511529,536.37,210076377964,35,286053713056.0,12197518323.0,562.42,528.56,-11.895642056927727,-2.16968,-5030871673.214905,-2.33877,390859381.455492,532219654.735492,532219654.735492,1121.89,-52.07908,2024-03-17T16:30:24.636Z,2.79,19169.5725,2020-06-16T13:22:25.900Z,,2024-07-11T10:15:31.035Z
blockstack,stx,Stacks,https://coin-images.coingecko.com/coins/images/2069/large/Stacks_Logo_png.png?1709979332,138.9,205016828707,36,252904077403.0,11155307480.0,140.29,121.62,15.65,12.70142,22215096308.0,12.15256,1473762694.59939,1818000000.0,1818000000.0,322.23,-56.85718,2024-04-01T12:34:58.342Z,3.44,3936.9666,2020-03-13T02:29:26.415Z,"{'times': 12.85291519498325, 'currency': 'usd', 'percentage': 1285.291519498325}",2024-07-11T10:15:33.348Z
cosmos,atom,Cosmos Hub,https://coin-images.coingecko.com/coins/images/1481/large/cosmos_hub.png?1696502525,510.45,200028334554,37,200152064630.0,18160430947.0,514.17,494.93,10.79,2.15903,4298780818.0,2.19629,390688369.813272,390930035.085365,,3301.61,-84.50967,2022-01-17T00:34:41.497Z,87.61,483.73982,2020-03-13T02:27:44.591Z,"{'times': 60.09089357408269, 'currency': 'usd', 'percentage': 6009.089357408269}",2024-07-11T10:15:59.112Z
hedera-hashgraph,hbar,Hedera,https://coin-images.coingecko.com/coins/images/3688/large/hbar.png?1696504364,5.57,199975741354,38,279442929824.0,3251076088.0,5.68,5.47,-0.06799135767669995,-1.20504,-2395869717.844757,-1.1839,35781141694.9829,50000000000.0,50000000000.0,41.81,-86.65325,2021-09-15T10:40:28.318Z,0.703644,692.97264,2020-01-02T17:30:24.852Z,,2024-07-11T10:15:42.840Z
arbitrum,arb,Arbitrum,https://coin-images.coingecko.com/coins/images/16547/large/photo_2023-03-29_21.47.00.jpeg?1696516109,59.85,194055501156,39,600495775422.0,16796965413.0,60.78,58.4,1.17,1.99329,4083561382.0,2.14956,3231588116.0,10000000000.0,10000000000.0,198.19,-69.72776,2024-01-12T12:29:59.231Z,48.52,23.66109,2024-07-05T04:21:51.979Z,,2024-07-11T10:15:43.292Z
mantle,mnt,Mantle,https://coin-images.coingecko.com/coins/images/30980/large/token-logo.png?1696529819,59.05,192939444174,40,367312417584.0,9346490749.0,59.15,55.86,3.19,5.70875,10213933356.0,5.58977,3266841707.83684,6219316794.99,6219316794.99,128.22,-53.86166,2024-04-08T09:45:25.482Z,25.64,130.75763,2023-10-18T02:50:46.942Z,,2024-07-11T10:15:37.027Z
filecoin,fil,Filecoin,https://coin-images.coingecko.com/coins/images/12817/large/filecoin.png?1696512609,333.45,190275729206,42,654841854991.0,8509064273.0,339.17,321.78,8.91,2.74494,4970893050.0,2.68255,569555851.0,1960150207.0,1960150207.0,17367.85,-98.07485,2021-04-01T13:29:41.564Z,218.36,53.12331,2022-12-16T22:45:28.552Z,,2024-07-11T10:16:57.788Z
crypto-com-chain,cro,Cronos,https://coin-images.coingecko.com/coins/images/7310/large/cro_token_logo.png?1696507599,7.1,190131074167,41,212994664539.0,610292445.0,7.21,6.99,-0.097152310302147,-1.35006,-3015066373.7107544,-1.56103,26779695338.065,30000000000.0,,72.06,-90.1307,2021-11-24T15:53:54.855Z,0.864137,723.01368,2019-02-08T00:00:00.000Z,,2024-07-11T10:15:31.972Z
renzo-restaked-eth,ezeth,Renzo Restaked ETH,https://coin-images.coingecko.com/coins/images/34753/large/Ezeth_logo_circle.png?1713496404,265743.0,186527415726,43,186527415726.0,4289801316.0,266060.0,259643.0,4559.31,1.74563,-74228369957.26614,-28.46662,700964.212414674,700964.212414674,,339953.0,-21.68838,2024-03-12T00:44:29.429Z,182729.0,45.69239,2024-01-26T08:09:59.848Z,,2024-07-11T10:16:29.124Z
okb,okb,OKB,https://coin-images.coingecko.com/coins/images/4463/large/WeChat_Image_20220118095654.png?1696505053,3064.99,184158310521,44,724226144655.0,265913327.0,3100.71,3048.61,-4.00709770793901,-0.13057,-370606411.3986511,-0.20084,60000000.0,235957685.3,300000000.0,6113.22,-49.84221,2024-03-14T00:30:12.502Z,40.86,7403.81643,2019-01-14T00:00:00.000Z,,2024-07-11T10:16:41.549Z
vechain,vet,VeChain,https://coin-images.coingecko.com/coins/images/1167/large/VET_Token_Icon.png?1710013505,2.21,178753275463,45,189789466398.0,2838633062.0,2.21,2.13,0.072638,3.40482,5225392781.0,3.01127,80985041177.0,85985041177.0,86712634466.0,20.95,-89.47725,2021-04-19T01:08:21.675Z,0.144791,1422.20114,2020-03-13T02:29:59.652Z,"{'times': 1.945891124090855, 'currency': 'eth', 'percentage': 194.5891124090855}",2024-07-11T10:15:36.953Z
maker,mkr,Maker,https://coin-images.coingecko.com/coins/images/1364/large/Mark_Maker.png?1696502423,189741.0,176749322111,46,185770042721.0,6519663328.0,193989.0,188644.0,-68.94691377828713,-0.03632,72409131.0,0.04098,930158.708716684,977631.036950888,1005577.0,464833.0,-59.22122,2021-05-03T21:54:29.333Z,12508.13,1415.44221,2020-03-16T20:52:36.527Z,,2024-07-11T10:15:34.777Z
injective-protocol,inj,Injective,https://coin-images.coingecko.com/coins/images/12882/large/Secondary_Symbol.png?1696512670,1725.66,168145486577,47,173074256609.0,7042132862.0,1770.03,1692.07,-1.6839205307378506,-0.09749,-417218186.3970642,-0.24752,97152222.33,100000000.0,,4364.19,-60.41732,2024-03-14T15:06:22.124Z,49.02,3424.34571,2020-11-03T16:19:30.576Z,,2024-07-11T10:15:32.734Z
first-digital-usd,fdusd,First Digital USD,https://coin-images.coingecko.com/coins/images/31079/large/firstfigital.jpeg?1696529912,83.51,159036246113,48,159236846595.0,257625152769.0,84.03,82.92,0.062529,0.07494,-470186284.0874634,-0.29478,1902757878.16,1902757878.16,,90.65,-7.65445,2024-05-20T19:42:15.377Z,78.29,6.92561,2023-08-17T21:55:41.478Z,,2024-07-11T10:16:06.857Z
optimism,op,Optimism,https://coin-images.coingecko.com/coins/images/25244/large/Optimism.png?1696524385,140.83,158498293658,49,606871416264.0,16703948451.0,142.14,133.36,5.31,3.91459,6153339893.0,4.03908,1121728540.0,4294967296.0,4294967296.0,401.58,-64.66504,2024-03-06T08:35:50.817Z,31.35,352.58135,2022-06-18T20:54:52.178Z,,2024-07-11T10:17:02.561Z
immutable-x,imx,Immutable,https://coin-images.coingecko.com/coins/images/17233/large/immutableX-symbol-BLK-RGB.png?1696516787,104.56,157794535986,50,209293839753.0,4488861034.0,110.45,103.04,-4.477498552201126,-4.10637,-7170191187.547974,-4.3465,1507875589.3898141,2000000000.0,2000000000.0,709.31,-85.20736,2021-11-26T01:03:01.536Z,31.05,237.88172,2022-11-21T02:34:18.783Z,,2024-07-11T10:15:40.581Z
sui,sui,Sui,https://coin-images.coingecko.com/coins/images/26375/large/sui_asset.jpeg?1696525453,62.48,157156011085,51,625569139084.0,11660434119.0,63.08,60.17,0.637809,1.0314,1044360204.0,0.66898,2512208503.68389,10000000000.0,10000000000.0,180.98,-65.27088,2024-03-27T17:46:02.608Z,30.36,106.99717,2023-10-19T22:05:15.703Z,,2024-07-11T10:15:38.725Z
the-graph,grt,The Graph,https://coin-images.coingecko.com/coins/images/13397/large/Graph_Token.png?1696513159,15.84,151531488534,52,171201440892.0,2794115547.0,15.89,15.35,0.322503,2.07766,3097400691.0,2.08672,9548531509.16547,10788004319.0,10788004319.0,206.81,-92.33695,2021-02-12T07:28:45.775Z,4.25,272.83788,2022-11-22T10:05:03.503Z,,2024-07-11T10:16:59.685Z
bonk,bonk,Bonk,https://coin-images.coingecko.com/coins/images/28600/large/bonk.jpg?1696527587,0.00215361,149337865247,54,201654716669.0,21960480999.0,0.0022425,0.00212744,-3.0715464197064e-05,-1.40617,3509549520.0,2.40663,69261958192293.78,93526183276778.0,93526183276778.0,0.0037697,-42.7159,2024-03-04T17:05:29.594Z,7.14e-06,30162.61058,2022-12-29T22:48:46.755Z,,2024-07-11T10:15:42.760Z
bittensor,tao,Bittensor,https://coin-images.coingecko.com/coins/images/28452/large/ARUsPeNQ_400x400.jpeg?1696527447,21175.0,149270981542,53,444159038571.0,4346678929.0,22645.0,20937.0,-1091.9882891318848,-4.90407,-7515189411.0383,-4.79327,7057586.0,21000000.0,21000000.0,62669.0,-66.12208,2024-03-07T18:45:36.466Z,2535.93,737.21163,2023-05-14T08:57:53.732Z,,2024-07-11T10:16:10.367Z
rocket-pool-eth,reth,Rocket Pool ETH,https://coin-images.coingecko.com/coins/images/20764/large/reth.png?1696520159,293633.0,147400056869,55,147400056869.0,986896484.0,293883.0,286496.0,6014.35,2.09109,2905558821.0,2.01084,501560.323107018,501560.323107018,,396396.0,-25.97745,2022-11-01T06:26:41.424Z,69172.0,324.18984,2022-06-18T20:55:45.957Z,,2024-07-11T10:16:27.567Z
dogwifcoin,wif,dogwifhat,https://coin-images.coingecko.com/coins/images/33566/large/dogwifhat.jpg?1702499428,139.11,139221860908,56,139221860908.0,32811819003.0,141.41,134.45,-0.282337550887263,-0.20255,-753862917.0090942,-0.53857,998926392.0,998926392.0,998926392.0,402.36,-65.23996,2024-03-31T09:34:58.366Z,0.129643,107781.62303,2023-12-13T07:13:50.873Z,,2024-07-11T10:15:41.017Z
notcoin,not,Notcoin,https://coin-images.coingecko.com/coins/images/33453/large/rFmThDiD_400x400.jpg?1701876350,1.31,133951437599,57,133951437599.0,30962849885.0,1.35,1.29,-0.031968738253566276,-2.39098,-3668991675.874115,-2.66602,102491027411.698,102491027411.698,102719221714.0,2.37,-44.24062,2024-06-02T18:00:38.587Z,0.383314,244.32962,2024-05-24T07:12:14.147Z,,2024-07-11T10:16:43.517Z
mantle-staked-ether,meth,Mantle Staked Ether,https://coin-images.coingecko.com/coins/images/33345/large/symbol_transparent_bg.png?1701697066,273200.0,130851382823,58,130851382823.0,723486984.0,273508.0,266304.0,5553.91,2.07509,2458239897.0,1.91462,478917.79401911,478917.79401911,,394041.0,-30.58893,2024-03-27T05:26:27.333Z,177902.0,53.74047,2023-12-18T10:41:32.686Z,,2024-07-11T10:16:25.690Z
arweave,ar,Arweave,https://coin-images.coingecko.com/coins/images/4343/large/oRt6SiEN_400x400.jpg?1696504946,1938.27,126400726320,59,126400726320.0,4103348805.0,1961.89,1861.44,71.66,3.83929,3743343802.0,3.05187,65454185.5381511,65454185.5381511,66000000.0,6640.2,-70.93075,2021-11-05T04:14:42.689Z,21.36,8936.10836,2020-01-31T06:47:36.543Z,"{'times': 30.34772365407419, 'currency': 'usd', 'percentage': 3034.772365407419}",2024-07-11T10:16:56.464Z
lido-dao,ldo,Lido DAO,https://coin-images.coingecko.com/coins/images/13573/large/Lido_DAO.png?1696513326,138.74,124596740062,60,139542365241.0,12991595658.0,142.07,128.82,9.93,7.70704,9415591717.0,8.17459,892895428.904597,1000000000.0,1000000000.0,543.56,-74.33683,2021-08-20T08:35:20.158Z,31.66,340.54591,2022-06-18T20:55:12.035Z,,2024-07-11T10:16:38.168Z
bitget-token,bgb,Bitget Token,https://coin-images.coingecko.com/coins/images/11610/large/icon_colour.png?1696511504,86.95,121685926348,61,173836913471.0,2214253415.0,87.42,86.3,0.249432,0.2877,236539585.0,0.19476,1400001000.0,2000000000.0,2000000000.0,123.46,-29.66171,2024-06-01T03:50:55.951Z,1.081,7932.41772,2020-06-25T04:17:05.895Z,,2024-07-11T10:16:34.190Z
ondo-finance,ondo,Ondo,https://coin-images.coingecko.com/coins/images/26580/large/ONDO.png?1696525656,84.29,121540837686,62,841832712516.0,10452694304.0,85.23,79.7,4.48,5.60946,5888756346.0,5.09179,1443764727.588207,10000000000.0,10000000000.0,122.94,-31.45655,2024-06-04T23:25:50.679Z,6.83,1133.4943,2024-01-18T12:14:30.524Z,,2024-07-11T10:15:36.448Z
floki,floki,FLOKI,https://coin-images.coingecko.com/coins/images/16746/large/PNG_image.png?1696516318,0.01246999,121091585819,63,124938112312.0,17208629873.0,0.01299292,0.01227263,7.907e-05,0.63812,524824552.0,0.4353,9692125451417.0,10000000000000.0,10000000000000.0,0.02877055,-56.61203,2024-06-05T07:25:59.137Z,6.26e-06,199225.67818,2021-07-06T01:11:20.438Z,,2024-07-11T10:15:39.250Z
theta-token,theta,Theta Network,https://coin-images.coingecko.com/coins/images/2538/large/theta-token-logo.png?1696503349,116.24,116438959638,64,116438959638.0,1381637638.0,117.67,113.2,0.366115,0.31596,617380076.0,0.53304,1000000000.0,1000000000.0,1000000000.0,1170.34,-90.04433,2021-04-16T13:15:11.190Z,2.96,3831.29068,2018-12-15T00:00:00.000Z,"{'times': 8.27442036373526, 'currency': 'usd', 'percentage': 827.442036373526}",2024-07-11T10:17:04.622Z
whitebit,wbt,WhiteBIT Coin,https://coin-images.coingecko.com/coins/images/27045/large/wbt_token.png?1696526096,797.66,115182680632,65,279333133010.0,367984375.0,804.07,793.94,-4.720787384055143,-0.58835,-622747152.209137,-0.53775,144118517.10815412,349506338.0,400000000.0,1207.17,-33.77836,2022-10-28T12:32:18.119Z,245.71,225.34814,2022-09-21T23:38:03.675Z,,2024-07-11T10:16:01.246Z
celestia,tia,Celestia,https://coin-images.coingecko.com/coins/images/31967/large/tia.jpg?1696530772,580.15,114277592088,66,613828147304.0,13899094124.0,601.77,549.63,9.6,1.68195,1846439138.0,1.64228,196495582.544323,1055452054.79432,,1730.96,-66.32311,2024-02-10T14:30:02.495Z,173.5,235.97419,2023-10-31T15:14:31.951Z,,2024-07-11T10:15:39.966Z
aave,aave,Aave,https://coin-images.coingecko.com/coins/images/12645/large/aave-token-round.png?1720472354,7648.85,114089781796,67,122750422327.0,9169718134.0,7679.93,7213.06,418.46,5.78759,6180324877.0,5.72732,14871122.022493418,16000000.0,16000000.0,48387.0,-84.16441,2021-05-18T21:19:59.514Z,1933.39,296.32044,2020-11-05T09:20:11.928Z,,2024-07-11T10:15:41.844Z
fantom,ftm,Fantom,https://coin-images.coingecko.com/coins/images/4001/large/Fantom_round.png?1696504642,39.93,112004431764,68,126840366778.0,9317730333.0,40.0,38.47,0.613671,1.56094,1285813592.0,1.16133,2803634835.52659,3175000000.0,3175000000.0,258.84,-84.57993,2021-10-26T10:09:43.042Z,0.143621,27690.52373,2020-03-13T02:25:38.280Z,"{'times': 14.92870040422329, 'currency': 'usd', 'percentage': 1492.870040422329}",2024-07-11T10:15:59.373Z
thorchain,rune,THORChain,https://coin-images.coingecko.com/coins/images/6595/large/Rune200x200.png?1696506946,304.53,102576376942,69,125996318234.0,11019708247.0,305.53,296.08,3.15,1.04435,788568460.0,0.77472,336621312.0,413477715.0,500000000.0,1525.95,-80.04802,2021-05-19T00:30:09.436Z,0.601495,50516.86581,2019-09-28T00:00:00.000Z,"{'times': 94.91218724075226, 'currency': 'usd', 'percentage': 9491.218724075226}",2024-07-11T10:16:40.101Z
jasmycoin,jasmy,JasmyCoin,https://coin-images.coingecko.com/coins/images/13876/large/JASMY200x200.jpg?1696513620,2.06,99971726070,70,103233917876.0,8108432068.0,2.11,1.95,0.08545,4.3296,4023738002.0,4.19367,48419999999.3058,50000000000.0,50000000000.0,347.8,-99.4045,2021-02-16T03:53:32.207Z,0.227783,809.28424,2022-12-29T20:41:09.113Z,,2024-07-11T10:16:58.819Z
based-brett,brett,Brett,https://coin-images.coingecko.com/coins/images/35529/large/1000050750.png?1709031995,9.94,98338443727,71,98338443727.0,2801946906.0,10.39,9.79,-0.28962508857857827,-2.83244,-3405744191.148178,-3.34736,9910198562.3056,9910198562.3056,9999998988.0,16.15,-38.26452,2024-06-09T12:55:51.835Z,0.070285,14083.87752,2024-02-29T08:40:24.951Z,,2024-07-11T10:16:27.374Z
algorand,algo,Algorand,https://coin-images.coingecko.com/coins/images/4380/large/download.png?1696504978,11.7,96481088648,72,96481091485.0,1966358860.0,11.77,11.44,0.053734,0.46129,699724020.0,0.73054,8218349790.1425,8218350031.79042,10000000000.0,247.29,-95.26334,2019-06-20T14:51:19.480Z,7.26,61.44972,2023-09-11T19:42:08.247Z,"{'times': -0.9416438718974114, 'currency': 'usd', 'percentage': -94.16438718974113}",2024-07-11T10:16:56.224Z
ether-fi-staked-eth,eeth,ether.fi Staked ETH,https://coin-images.coingecko.com/coins/images/33049/large/ether.fi_eETH.png?1700473063,262634.0,94402006838,73,474978098527.0,29178889.0,262488.0,255658.0,5279.44,2.05142,2579789619.0,2.80955,359782.5304712525,1810224.46375496,,1287066.0,-79.64565,2024-03-24T04:26:06.292Z,178877.0,46.45465,2024-02-08T11:31:59.647Z,,2024-07-11T10:16:51.158Z
pyth-network,pyth,Pyth Network,https://coin-images.coingecko.com/coins/images/31924/large/pyth.png?1701245725,25.22,91557330182,74,252572717580.0,3819093695.0,25.46,24.8,0.149702,0.59706,535022483.0,0.58779,3624988916.40691,10000000000.0,10000000000.0,99.17,-74.41852,2024-03-16T07:01:15.357Z,19.01,33.42109,2024-01-08T03:29:54.594Z,,2024-07-11T10:15:36.185Z
jupiter-exchange-solana,jup,Jupiter,https://coin-images.coingecko.com/coins/images/34188/large/jup.png?1704266489,64.58,87393906160,75,647362267851.0,8295147300.0,66.97,63.69,-1.6981846903958768,-2.56211,-2151273980.7882385,-2.40245,1350000000.0,10000000000.0,10000000000.0,166.05,-60.96419,2024-01-31T15:02:47.304Z,37.94,70.87042,2024-02-21T18:31:05.083Z,,2024-07-11T10:17:04.465Z
quant-network,qnt,Quant,https://coin-images.coingecko.com/coins/images/3370/large/5ZOu7brX_400x400.jpg?1696504070,5871.1,85517777917,76,85919471621.0,1067216680.0,5955.65,5772.3,-54.82672489933702,-0.9252,-941839258.3569336,-1.08934,14544176.164091088,14612493.0,14612493.0,31427.0,-81.29805,2021-09-11T09:15:00.668Z,15.06,38927.45003,2018-08-23T00:00:00.000Z,"{'times': 8.632175393992938, 'currency': 'eth', 'percentage': 863.2175393992937}",2024-07-11T10:15:44.893Z
sei-network,sei,Sei,https://coin-images.coingecko.com/coins/images/28205/large/Sei_Logo_-_Transparent.png?1696527207,27.11,82882585525,77,271746182050.0,8004163501.0,28.15,26.68,-0.8410868979398884,-3.00966,-2978381457.133972,-3.46884,3050000000.0,10000000000.0,,94.47,-71.16868,2024-03-16T02:30:23.904Z,7.94,243.06371,2023-10-19T10:31:15.579Z,,2024-07-11T10:17:03.082Z
coredaoorg,core,Core,https://coin-images.coingecko.com/coins/images/28938/large/file_589.jpg?1701868471,91.87,82533328655,78,193104090671.0,3071198950.0,94.11,90.78,-0.9606952600534555,-1.03494,-1081329914.0578918,-1.29323,897546963.259884,2100000000.0,2100000000.0,507.01,-81.78976,2023-02-08T12:55:39.828Z,27.82,231.86432,2023-11-03T01:20:55.441Z,,2024-07-11T10:16:06.463Z
elrond-erd-2,egld,MultiversX,https://coin-images.coingecko.com/coins/images/12335/large/egld-token-logo.png?1696512162,3027.3,82256079783,79,82271678163.0,2415297403.0,3129.76,3004.23,-35.299535131153334,-1.1526,-862905562.2062988,-1.03816,27168419.0,27173571.0,31415926.0,40604.0,-92.54694,2021-11-23T10:33:26.737Z,479.15,531.57837,2020-10-07T01:44:53.554Z,,2024-07-11T10:16:58.714Z
gatechain-token,gt,Gate,https://coin-images.coingecko.com/coins/images/8183/large/gate.png?1696508395,579.36,75509193926,80,173771737632.0,147650878.0,581.66,570.63,0.425656,0.07352,-50523443.61680603,-0.06687,130359277.55886991,300000000.0,,951.44,-39.15846,2024-03-28T06:25:29.045Z,19.44,2878.26055,2020-03-13T02:18:02.481Z,,2024-07-11T10:16:56.559Z
flare-networks,flr,Flare,https://coin-images.coingecko.com/coins/images/28624/large/FLR-icon200x200.png?1696527609,1.64,73077178972,81,165758937749.0,1116216160.0,1.66,1.52,-0.010786397727927223,-0.65405,644407078.0,0.88966,45095172659.0543,102288129108.388,,12.35,-86.87888,2023-01-10T03:14:05.921Z,0.687929,135.48036,2023-10-19T23:41:38.524Z,,2024-07-11T10:15:59.129Z
kucoin-shares,kcs,KuCoin,https://coin-images.coingecko.com/coins/images/1047/large/sa9z79.png?1696502152,754.57,72226709028,82,108135762840.0,9410017.0,764.02,743.67,0.316583,0.04197,8768223.0,0.01214,95540492.2885607,143040492.288477,,2158.41,-64.9872,2021-12-01T15:09:35.541Z,24.48,2986.88044,2019-02-13T00:00:00.000Z,,2024-07-11T10:16:38.679Z
akash-network,akt,Akash Network,https://coin-images.coingecko.com/coins/images/12785/large/akash-logo.png?1696512580,292.01,71328383412,84,71861353277.0,724876240.0,302.0,287.83,-7.080415590236271,-2.36736,-1118548711.172104,-1.54396,242000864.65392,243809109.312504,388539008.0,593.39,-50.87448,2021-04-06T18:59:48.484Z,13.49,2061.49832,2022-11-21T20:30:53.727Z,,2024-07-11T10:16:50.096Z
flow,flow,Flow,https://coin-images.coingecko.com/coins/images/13446/large/5f6294c0c7a8cda55cb1c936_Flow_Wordmark.png?1696513210,46.67,71017726472,83,71017726472.0,1664602872.0,46.84,45.33,0.849021,1.85307,1267416583.0,1.81708,1518888911.20165,1518888911.20165,,3108.24,-98.49369,2021-04-05T13:49:10.098Z,32.5,44.07914,2023-09-11T19:41:06.528Z,,2024-07-11T10:15:50.483Z
ethereum-name-service,ens,Ethereum Name Service,https://coin-images.coingecko.com/coins/images/19785/large/acatxTm8_400x400.jpg?1696519207,2200.9,69791635381,85,220514637335.0,15832869672.0,2310.3,2150.61,-41.996264756036,-1.87241,-1507788041.7364044,-2.11473,31649434.352591332,100000000.0,100000000.0,6205.48,-64.38693,2021-11-11T02:20:01.099Z,556.54,297.08807,2023-10-20T01:50:14.889Z,,2024-07-11T10:16:23.882Z
kelp-dao-restaked-eth,rseth,Kelp DAO Restaked ETH,https://coin-images.coingecko.com/coins/images/33800/large/Icon___Dark.png?1702991855,265660.0,67566470112,87,67566470112.0,309759390.0,266173.0,259200.0,4429.01,1.69544,1242633615.0,1.87359,253844.085237965,253844.085237965,,334625.0,-20.48481,2024-05-28T02:54:46.793Z,172037.0,54.66285,2024-01-23T14:25:53.609Z,,2024-07-11T10:15:05.283Z
dydx-chain,dydx,dYdX,https://coin-images.coingecko.com/coins/images/32594/large/dydx.png?1698673495,111.28,67514218630,86,85877321881.0,1580843291.0,112.43,107.51,2.9,2.67716,1666842080.0,2.53137,606068271.4561341,770911981.0,1000000000.0,374.05,-70.13158,2024-03-07T22:19:11.131Z,85.34,30.91646,2024-07-05T04:20:44.553Z,,2024-07-11T10:15:44.116Z
axie-infinity,axs,Axie Infinity,https://coin-images.coingecko.com/coins/images/13029/large/axie_infinity_logo.png?1696512817,450.89,66750528653,88,122005666913.0,2356373171.0,453.65,438.71,5.87,1.31808,771661941.0,1.16956,147719718.21004,270000000.0,270000000.0,12233.95,-96.3064,2021-11-06T19:29:29.482Z,9.17,4826.64757,2020-11-06T08:05:43.662Z,,2024-07-11T10:15:50.876Z
gala,gala,GALA,https://coin-images.coingecko.com/coins/images/12493/large/GALA_token_image_-_200PNG.png?1709725869,1.82,66469777965,89,66539493831.0,4881735131.0,1.86,1.79,-0.001669377060884436,-0.09164,-109185895.11576843,-0.16399,36441864137.0849,36480085659.6355,50000000000.0,61.46,-97.037,2021-11-26T01:03:48.731Z,0.00991417,18267.19926,2020-12-28T08:46:48.367Z,,2024-07-11T10:15:32.683Z
eos,eos,EOS,https://coin-images.coingecko.com/coins/images/738/large/eos-eos-logo.png?1696501893,44.01,66210541087,91,92655249272.0,5498788435.0,44.27,43.14,0.58365,1.34394,843758264.0,1.29081,1500639600.8383,2100000000.0,2100000000.0,1510.62,-97.08125,2018-04-29T07:50:33.540Z,32.67,34.95638,2017-10-23T00:00:00.000Z,"{'times': -0.46793928116275463, 'currency': 'usd', 'percentage': -46.79392811627547}",2024-07-11T10:15:54.371Z
mantra-dao,om,MANTRA,https://coin-images.coingecko.com/coins/images/12151/large/OM_Token.png?1696511991,79.4,66131040970,90,70710220296.0,2560611550.0,82.29,78.9,-1.0627458014787692,-1.32074,-667015876.7606964,-0.99856,831324626.4,888888888.0,888888888.0,91.32,-12.74759,2024-06-10T02:21:19.458Z,1.44,5442.71951,2023-10-12T17:25:09.068Z,,2024-07-11T10:16:12.304Z
starknet,strk,Starknet,https://coin-images.coingecko.com/coins/images/26433/large/starknet.png?1696525507,49.63,64879783580,92,498955568461.0,5658165019.0,50.67,48.58,1.045,2.15077,1358925581.0,2.13934,1300311845.0,10000000000.0,10000000000.0,366.16,-86.28563,2024-02-20T12:05:13.556Z,39.1,28.43659,2024-07-05T03:14:17.806Z,,2024-07-11T10:16:24.414Z
bittorrent,btt,BitTorrent,https://coin-images.coingecko.com/coins/images/22457/large/btt_logo.png?1696521780,6.695e-05,64871799989,93,66329273307.0,1502104426.0,6.754e-05,6.601e-05,5.49199e-07,0.8271,546689527.0,0.84989,968246428571000.0,990000000000000.0,990000000000000.0,0.00025579,-73.71082,2022-01-21T04:00:31.909Z,3.041e-05,121.13792,2023-10-13T05:10:41.241Z,,2024-07-11T10:16:41.610Z
tokenize-xchange,tkx,Tokenize Xchange,https://coin-images.coingecko.com/coins/images/4984/large/TKX_-_Logo_-_RGB-15.png?1696505519,810.81,64838380231,94,81052027945.0,600376103.0,811.48,797.96,8.7,1.08443,679679968.0,1.05937,79995999.94518414,100000000.0,100000000.0,1846.39,-56.10347,2022-10-31T10:23:59.455Z,7.77,10329.18775,2019-04-28T00:00:00.000Z,"{'times': 32.40363788633131, 'currency': 'usd', 'percentage': 3240.3637886331308}",2024-07-11T10:16:57.967Z
msol,msol,Marinade Staked SOL,https://coin-images.coingecko.com/coins/images/17752/large/mSOL.png?1696517278,14312.94,64023368317,95,64057868554.0,1496676020.0,14417.21,14021.18,-7.982391539622768,-0.05574,-591637433.2427521,-0.91563,4474182.0,4476593.0,4476593.0,20305.0,-29.50073,2024-03-18T10:56:16.205Z,739.61,1835.47346,2022-12-29T20:45:33.039Z,,2024-07-11T10:15:52.048Z
bitcoin-cash-sv,bsv,Bitcoin SV,https://coin-images.coingecko.com/coins/images/6799/large/BSV.png?1696507128,3189.54,63000714974,96,67065354495.0,673726603.0,3201.83,3118.92,45.26,1.43931,815316145.0,1.31111,19727250.0,21000000.0,21000000.0,36495.0,-91.24661,2021-04-16T17:09:04.630Z,1767.2,80.77158,2023-06-10T04:32:12.266Z,,2024-07-11T10:15:52.931Z
tezos,xtz,Tezos,https://coin-images.coingecko.com/coins/images/976/large/Tezos-logo.png?1696502091,63.32,62655681039,97,63957486238.0,1607194265.0,63.46,61.79,0.789068,1.26194,646158021.0,1.04203,988893788.921902,1009440163.23222,,676.89,-90.62591,2021-10-04T09:55:03.229Z,24.73,156.57916,2018-12-07T00:00:00.000Z,"{'times': 0.6123220148797663, 'currency': 'usd', 'percentage': 61.23220148797664}",2024-07-11T10:15:49.932Z
fasttoken,ftn,Fasttoken,https://coin-images.coingecko.com/coins/images/28478/large/lightenicon_200x200.png?1696527472,196.01,62586539608,98,172434957074.0,3337851569.0,196.41,193.62,1.38,0.71079,570650501.0,0.92017,319402491.17373455,880000000.0,1000000000.0,196.51,-0.04099,2024-07-10T04:10:13.346Z,32.24,509.25922,2023-01-21T10:15:39.503Z,,2024-07-11T10:16:11.813Z
beam-2,beam,Beam,https://coin-images.coingecko.com/coins/images/32417/large/chain-logo.png?1698114384,1.24,62482717722,99,77542481519.0,1242452988.0,1.28,1.22,-0.006499428255350993,-0.52118,-418565824.6783371,-0.66543,50308507573.0,62434008330.0,62434008330.0,3.65,-65.95527,2024-03-10T10:40:22.381Z,0.361886,243.80891,2023-10-29T08:20:14.064Z,,2024-07-11T10:15:39.750Z
usdd,usdd,USDD,https://coin-images.coingecko.com/coins/images/25380/large/UUSD.jpg?1696524513,83.34,61421822245,100,,311519253.0,84.28,82.56,-0.11310344167425512,-0.13553,-1057138216.9862976,-1.69199,736920452.048795,,,87.18,-4.08685,2023-10-23T22:45:25.398Z,72.35,15.5692,2022-06-19T16:15:11.558Z,,2024-07-11T10:16:47.541Z
ethena,ena,Ethena,https://coin-images.coingecko.com/coins/images/36530/large/ethena.png?1711701436,34.88,59711458614,101,523497719359.0,6323854298.0,35.63,34.13,0.207776,0.59932,190544381.0,0.32013,1710937500.0,15000000000.0,,126.48,-72.26053,2024-04-11T13:15:15.057Z,29.16,20.31054,2024-07-05T04:20:38.613Z,,2024-07-11T10:16:50.659Z
zebec-protocol,zbc,Zebec Protocol,https://coin-images.coingecko.com/coins/images/24342/large/zebec.jpeg?1696523526,1.17,59466265357,102,116853089549.0,1009954.0,1.34,1.003,-0.16499297227634724,-12.34154,-8570657374.395897,-12.59707,50883649370.0,99987978070.0,10000000000.0,4.02,-70.86312,2022-04-13T15:54:52.330Z,0.474455,146.72422,2023-10-20T04:02:48.815Z,,2024-07-11T10:16:33.660Z
neo,neo,NEO,https://coin-images.coingecko.com/coins/images/480/large/NEO_512_512.png?1696501735,829.22,58531379053,103,82987918691.0,1670916548.0,831.7,813.29,10.87,1.32858,558599035.0,0.96355,70530000.0,100000000.0,,12603.37,-93.42191,2018-01-15T00:00:00.000Z,5.22,15785.11504,2016-10-21T00:00:00.000Z,"{'times': 274.6717075240562, 'currency': 'usd', 'percentage': 27467.17075240562}",2024-07-11T10:15:56.946Z
the-sandbox,sand,The Sandbox,https://coin-images.coingecko.com/coins/images/12129/large/sandbox_logo.jpg?1696511971,25.27,57768069735,104,75969570306.0,4249580218.0,25.42,24.65,0.18194,0.72507,470613082.0,0.82135,2281231926.2233224,3000000000.0,3000000000.0,625.46,-95.95138,2021-11-25T06:04:40.957Z,2.16,1074.90668,2020-11-04T15:59:14.441Z,,2024-07-11T10:16:56.717Z
gnosis,gno,Gnosis,https://coin-images.coingecko.com/coins/images/662/large/logo_square_simple_300px.png?1696501854,22171.0,57571400504,105,66695603631.0,164424878.0,22214.0,21603.0,437.02,2.01077,1129042782.0,2.00035,2589589.0,3000000.0,3000000.0,47603.0,-53.49298,2021-11-08T17:29:32.318Z,519.75,4159.47875,2020-03-13T02:24:11.825Z,,2024-07-11T10:15:45.556Z
ordinals,ordi,ORDI,https://coin-images.coingecko.com/coins/images/30162/large/ordi.png?1696529082,2675.21,56269252685,106,56269252685.0,8952996041.0,2731.68,2631.32,43.56,1.65536,635021802.0,1.14142,21000000.0,21000000.0,,7919.85,-66.03121,2024-03-05T01:45:22.816Z,237.2,1034.17572,2023-09-11T15:22:32.140Z,,2024-07-11T10:17:06.284Z
ronin,ron,Ronin,https://coin-images.coingecko.com/coins/images/20009/large/photo_2024-04-06_22-52-24.jpg?1712415367,163.7,54882304338,107,163526194154.0,1585726175.0,164.67,157.59,4.58,2.87817,1380145148.0,2.57961,335617817.20376,1000000000.0,1000000000.0,370.97,-55.90677,2024-03-26T05:12:38.487Z,15.76,937.79317,2022-06-18T20:50:54.917Z,,2024-07-11T10:15:51.886Z
lido-staked-sol,stsol,Lido Staked SOL,https://coin-images.coingecko.com/coins/images/18369/large/logo_-_2021-09-15T100934.765.png?1696517862,14006.86,54670409154,108,54670340614.0,10549265.0,14119.43,13729.92,-60.327840105634095,-0.42886,-206372254.69478607,-0.37606,3900411.7359,3900406.846,3900406.846,19877.62,-29.36589,2024-04-01T02:49:53.436Z,716.97,1858.2928,2022-12-29T20:46:29.701Z,,2024-07-11T10:15:34.242Z
frax,frax,Frax,https://coin-images.coingecko.com/coins/images/13422/large/FRAX_icon.png?1696513182,83.31,54074040363,109,54074040363.0,1245347521.0,83.72,82.65,0.059634,0.07163,-12814560.812103271,-0.02369,649434270.519142,649434270.519142,,86.47,-3.61126,2023-10-16T13:31:22.068Z,67.16,24.10869,2021-12-04T05:33:57.315Z,,2024-07-11T10:16:48.108Z
mog-coin,mog,Mog Coin,https://coin-images.coingecko.com/coins/images/31059/large/MOG_LOGO_200x200.png?1696529893,0.00014879,53822050951,110,53822050951.0,2731514317.0,0.00014932,0.00013207,6.15e-06,4.31477,2039806575.0,3.9392,360447686344655.7,360447686344655.7,420690000000000.0,0.00017281,-13.71188,2024-07-01T03:06:37.944Z,3.70235e-07,40175.98886,2023-07-24T17:10:57.805Z,,2024-07-11T10:16:24.960Z
safe,safe,Safe,https://coin-images.coingecko.com/coins/images/27032/large/Artboard_1_copy_8circle-1.png?1696526084,121.96,52001188958,111,121782643929.0,1195529936.0,125.43,119.16,0.935592,0.77307,210127880.0,0.40572,427000000.0,1000000000.0,1000000000.0,296.57,-58.96895,2024-04-23T07:10:17.083Z,100.6,20.96139,2024-07-05T07:37:23.187Z,,2024-07-11T10:16:30.459Z
frax-ether,frxeth,Frax Ether,https://coin-images.coingecko.com/coins/images/28284/large/frxETH_icon.png?1696527284,262019.0,51621129246,112,51621129246.0,779883063.0,261891.0,256119.0,4381.81,1.70077,813670247.0,1.60148,197044.680092722,197044.680092722,,336305.0,-22.17674,2024-03-12T00:44:25.688Z,92956.0,181.55706,2022-11-23T02:25:33.267Z,,2024-07-11T10:16:47.031Z
nexo,nexo,NEXO,https://coin-images.coingecko.com/coins/images/3695/large/nexo.png?1696504370,91.85,51465526389,113,91902724287.0,455966141.0,92.07,88.48,2.22,2.47231,1110657204.0,2.20566,560000008.5746847,1000000000.0,1000000000.0,298.99,-69.27971,2021-05-12T14:37:47.535Z,3.25,2727.83628,2018-09-13T00:00:00.000Z,"{'times': 9.99210888697488, 'currency': 'usd', 'percentage': 999.210888697488}",2024-07-11T10:16:44.565Z
coinbase-wrapped-staked-eth,cbeth,Coinbase Wrapped Staked ETH,https://coin-images.coingecko.com/coins/images/27008/large/cbeth.png?1709186989,282951.0,51281365434,114,301852861310.0,1843431484.0,283231.0,275433.0,5264.09,1.89569,28549297.0,0.0557,181225.981673899,1066734.09822321,,358905.0,-21.1265,2024-03-12T00:21:42.892Z,84350.0,235.60131,2022-11-09T23:45:43.665Z,,2024-07-11T10:16:26.262Z
ecash,xec,eCash,https://coin-images.coingecko.com/coins/images/16646/large/Logo_final-22.png?1696516207,0.00256862,50771262718,115,54046731972.0,1395211917.0,0.00275564,0.00253213,1.105e-05,0.43209,206825388.0,0.40903,19727307798091.0,21000000000000.0,21000000000000.0,0.02773893,-90.7189,2021-09-04T17:09:31.137Z,0.00137693,86.97162,2021-07-20T20:49:46.212Z,,2024-07-11T10:15:43.871Z
zksync,zk,ZKsync,https://coin-images.coingecko.com/coins/images/38043/large/ZKTokenBlack.png?1718614502,13.68,50378312282,116,287876070182.0,13823642577.0,13.92,13.12,0.42332,3.19329,1481700177.0,3.03027,3675000000.0,21000000000.0,21000000000.0,26.81,-48.60363,2024-06-17T07:44:40.385Z,11.04,24.86435,2024-07-05T03:10:53.790Z,,2024-07-11T10:15:53.856Z
conflux-token,cfx,Conflux,https://coin-images.coingecko.com/coins/images/13079/large/3vuYMbjN.png?1696512867,11.85,50202840969,117,65438585983.0,2520049415.0,12.05,11.53,0.261349,2.25597,1018291318.0,2.07035,4232372704.78243,5516828924.61666,,123.22,-90.36027,2021-03-27T03:43:35.178Z,1.82,553.22126,2022-12-30T11:56:26.931Z,,2024-07-11T10:15:39.417Z
chiliz,chz,Chiliz,https://coin-images.coingecko.com/coins/images/8834/large/CHZ_Token_updated.png?1696508986,5.59,49808060433,118,49808060433.0,3608523341.0,5.65,5.49,0.03732321,0.67217,326962738.0,0.66078,8888888888.0,8888888888.0,,63.87,-91.22793,2021-03-13T08:04:21.200Z,0.290329,1829.69878,2019-09-28T00:00:00.000Z,"{'times': 2.040990578824873, 'currency': 'usd', 'percentage': 204.09905788248727}",2024-07-11T10:16:00.406Z
decentraland,mana,Decentraland,https://coin-images.coingecko.com/coins/images/878/large/decentraland-mana.png?1696502010,26.49,49486666136,119,58223179148.0,3152344432.0,26.62,25.59,0.401547,1.53904,758183806.0,1.55594,1864088061.4165342,2193179327.32015,2193179327.32015,435.95,-93.90879,2021-11-25T10:04:18.534Z,0.597438,4344.78685,2017-10-31T00:00:00.000Z,"{'times': 14.853012806511256, 'currency': 'usd', 'percentage': 1485.3012806511256}",2024-07-11T10:17:04.839Z
tether-gold,xaut,Tether Gold,https://coin-images.coingecko.com/coins/images/10481/large/Tether_Gold.png?1696510471,198789.0,49040503232,120,49040503232.0,1455493895.0,199287.0,197569.0,923.77,0.46687,217546131.0,0.44558,246524.33,246524.33,,204299.0,-2.53168,2024-04-14T21:50:52.381Z,108167.0,84.09308,2020-03-17T09:39:32.572Z,,2024-07-11T10:15:42.644Z
pendle,pendle,Pendle,https://coin-images.coingecko.com/coins/images/15069/large/Pendle_Logo_Normal-03.png?1696514728,314.01,48661214210,121,81181446629.0,6836196849.0,314.44,297.05,10.47,3.45042,1200714946.0,2.52992,154915908.305577,258446028.244635,258446028.244635,625.59,-50.15331,2024-04-11T08:25:36.646Z,2.73,11314.00311,2022-06-14T02:52:33.840Z,,2024-07-11T10:16:38.703Z
dexe,dexe,DeXe,https://coin-images.coingecko.com/coins/images/12713/large/DEXE_token_logo.png?1696512514,835.5,47772252320,122,80735230663.0,403969579.0,838.37,798.92,20.98,2.57567,1164087815.0,2.4976,57103225.340612374,96504599.3360945,,2374.75,-64.73365,2021-03-08T13:29:57.935Z,49.7,1585.12009,2020-11-06T19:31:40.144Z,,2024-07-11T10:16:14.869Z
mina-protocol,mina,Mina Protocol,https://coin-images.coingecko.com/coins/images/15628/large/JM4_vQ34_400x400.png?1696515261,41.57,47099991172,123,48873099697.0,1029900747.0,42.15,40.86,-0.17395559405117922,-0.41673,-218921525.66397858,-0.46265,1130567414.84004,1173128329.84004,,659.2,-93.67958,2021-06-01T01:42:37.064Z,29.24,42.49505,2023-10-11T04:00:22.740Z,,2024-07-11T10:15:37.277Z
oasis-network,rose,Oasis Network,https://coin-images.coingecko.com/coins/images/13162/large/rose.png?1696512946,6.83,46006660107,124,68362638045.0,756808079.0,6.96,6.74,0.00559423,0.08193,-106092305.21276093,-0.23007,6729795897.58809,10000000000.0,10000000000.0,44.3,-84.55169,2022-01-15T03:31:11.062Z,2.36,189.67822,2020-11-26T17:09:12.182Z,,2024-07-11T10:16:36.105Z
klay-token,klay,Klaytn,https://coin-images.coingecko.com/coins/images/9672/large/klaytn.png?1696509742,12.32,45669843333,125,73741042555.0,768079965.0,12.4,12.14,-0.005884666235790093,-0.04774,-125071389.57714081,-0.27311,3702404202.09021,5978105592.25106,,318.03,-96.12044,2021-04-02T02:12:12.508Z,4.57,169.78591,2020-04-29T08:19:34.574Z,,2024-07-11T10:15:32.275Z
book-of-meme,bome,BOOK OF MEME,https://coin-images.coingecko.com/coins/images/36071/large/bome.png?1710407255,0.656416,45385454587,126,45385454587.0,9952950842.0,0.669839,0.637274,0.01691647,2.64527,1088757904.0,2.45788,68999659569.0,68999659569.0,68999659569.0,2.23,-70.38983,2024-03-16T13:51:17.648Z,0.00484369,13525.05789,2024-03-14T10:17:29.365Z,,2024-07-11T10:15:41.003Z
havven,snx,Synthetix Network,https://coin-images.coingecko.com/coins/images/3406/large/SNX.png?1696504103,138.1,45348263097,127,45406912565.0,1521696553.0,140.3,135.92,1.87,1.37534,496878531.0,1.10783,327769196.13952357,328193104.088774,328193104.088774,2071.19,-93.31977,2021-02-14T01:12:38.505Z,2.42,5620.18961,2019-01-06T00:00:00.000Z,"{'times': 2.305669630329288, 'currency': 'usd', 'percentage': 230.5669630329288}",2024-07-11T10:15:33.083Z
sweth,sweth,Swell Ethereum,https://coin-images.coingecko.com/coins/images/30326/large/_lB7zEtS_400x400.jpg?1696529227,278542.0,44871749176,128,44893285064.0,62369036.0,279346.0,271173.0,4951.25,1.80973,705360545.0,1.59705,160747.904782747,160825.054634333,,353732.0,-21.07374,2024-03-12T00:20:37.288Z,127851.0,118.37014,2023-10-12T17:25:37.017Z,,2024-07-11T10:16:26.324Z
worldcoin-wld,wld,Worldcoin,https://coin-images.coingecko.com/coins/images/31069/large/worldcoin.jpeg?1696529903,162.26,44392663379,129,1627453634420.0,22046827719.0,171.16,154.55,4.29,2.71738,1368041377.0,3.17967,272773751.82794,10000000000.0,10000000000.0,971.56,-83.16769,2024-03-10T00:10:42.330Z,80.71,102.6281,2023-09-13T07:36:44.064Z,,2024-07-11T10:16:59.045Z
helium,hnt,Helium,https://coin-images.coingecko.com/coins/images/4284/large/Helium_HNT.png?1696504894,262.28,44015044421,130,58713630151.0,641527401.0,269.21,254.4,-6.044722866963127,-2.25276,-909165972.9698792,-2.02378,167173361.291686,223000000.0,223000000.0,4079.96,-93.55851,2021-11-12T23:08:25.301Z,8.66,2933.54922,2020-04-18T00:19:10.902Z,,2024-07-11T10:16:28.073Z
iota,iota,IOTA,https://coin-images.coingecko.com/coins/images/692/large/IOTA_Swirl.png?1696501881,13.04,43705296864,131,60114961002.0,539275101.0,13.09,12.79,0.14146,1.0969,430347593.0,0.99445,3344331631.0,4600000000.0,4600000000.0,336.22,-96.10809,2017-12-19T00:00:00.000Z,6.16,112.30304,2020-03-13T02:22:41.168Z,"{'times': 1.000678078000556, 'currency': 'btc', 'percentage': 100.06780780005559}",2024-07-11T10:15:32.195Z
wormhole,w,Wormhole,https://coin-images.coingecko.com/coins/images/35087/large/womrhole_logo_full_color_rgb_2000px_72ppi_fb766ac85a.png?1708688954,24.16,43658759315,132,242548662860.0,3791676165.0,24.48,23.72,0.01147657,0.04752,193620127.0,0.44546,1800000000.0,10000000000.0,10000000000.0,138.37,-82.40911,2024-04-03T11:46:35.308Z,19.88,22.40591,2024-07-05T03:11:29.641Z,,2024-07-11T10:16:59.490Z
1inch,1inch,1inch,https://coin-images.coingecko.com/coins/images/13469/large/1inch-token.png?1696513230,34.14,42995937023,133,51449550285.0,2522019195.0,34.49,33.28,0.753509,2.25669,1113139281.0,2.65775,1253536817.65763,1499999999.997,1499999999.997,648.39,-94.70386,2021-10-27T08:24:54.808Z,18.28,87.87751,2023-09-11T19:42:01.201Z,,2024-07-11T10:15:37.287Z
pancakeswap-token,cake,PancakeSwap,https://coin-images.coingecko.com/coins/images/12632/large/pancakeswap-cake-logo_%281%29.png?1696512440,157.08,42333643209,134,60484182096.0,2410105036.0,157.86,154.02,3.06,1.98915,929277355.0,2.24439,268664253.364114,383853984.474806,450000000.0,3259.75,-95.16727,2021-04-30T03:23:20.257Z,14.48,987.89934,2020-11-03T14:29:34.165Z,,2024-07-11T10:15:38.146Z
wemix-token,wemix,WEMIX,https://coin-images.coingecko.com/coins/images/12998/large/wemixcoin_color_200.png?1696512788,102.36,41628821240,135,53942262052.0,192761560.0,105.16,101.71,-2.555530433587421,-2.4357,-1123013709.1420288,-2.62682,407294576.29994094,527768745.607479,590000000.0,1836.35,-94.41506,2021-11-21T17:33:44.178Z,9.55,974.417,2021-06-22T12:52:49.089Z,,2024-07-11T10:15:40.488Z
apecoin,ape,ApeCoin,https://coin-images.coingecko.com/coins/images/24383/large/apecoin.jpg?1696523566,61.43,41526074334,136,61552492571.0,2872808509.0,61.77,59.88,0.911218,1.5056,552964893.0,1.34958,674644886.0,1000000000.0,1000000000.0,2044.73,-96.97857,2022-04-28T21:44:21.164Z,55.57,11.18204,2024-07-08T01:36:42.435Z,,2024-07-11T10:16:56.303Z
true-usd,tusd,TrueUSD,https://coin-images.coingecko.com/coins/images/3449/large/tusd.png?1696504140,83.42,41350053110,137,41350053110.0,2520553383.0,83.91,82.76,0.089881,0.10786,-1980164.1607055664,-0.00479,495201524.61,495201524.61,,112.93,-25.99951,2018-08-26T20:41:09.375Z,64.32,29.93392,2018-03-25T00:00:00.000Z,,2024-07-11T10:15:54.465Z
raydium,ray,Raydium,https://coin-images.coingecko.com/coins/images/13928/large/PSigc4ie_400x400.jpg?1696513668,154.81,40825094337,139,86168129768.0,1815893759.0,155.37,145.66,5.1,3.40552,1294388495.0,3.27439,262950204.651697,555000000.0,555000000.0,1237.65,-87.47723,2021-09-12T20:20:23.998Z,11.13,1292.23386,2022-12-29T22:15:53.927Z,,2024-07-11T10:16:07.581Z
staked-frax-ether,sfrxeth,Staked Frax Ether,https://coin-images.coingecko.com/coins/images/28285/large/sfrxETH_icon.png?1696527285,285953.0,40803206397,138,40803206397.0,410653729.0,286770.0,279091.0,4988.12,1.77535,317297820.0,0.78372,142356.28676503,142356.28676503,,623568.0,-54.01136,2023-02-16T07:51:36.849Z,95037.0,201.74524,2022-12-23T11:50:57.675Z,,2024-07-11T10:15:10.323Z
popcat,popcat,Popcat,https://coin-images.coingecko.com/coins/images/33760/large/image.jpg?1702964227,40.41,39853997342,140,39853997342.0,3816752784.0,45.73,37.98,-3.1687526589645714,-7.27085,-3154394410.8489304,-7.33437,979978669.96,979978669.96,979978694.0,59.77,-32.15898,2024-05-04T13:00:38.969Z,0.315571,12749.63206,2024-01-05T15:34:24.842Z,,2024-07-11T10:16:23.080Z
astar,astr,Astar,https://coin-images.coingecko.com/coins/images/22617/large/astr.png?1696521933,5.57,39256582490,142,45689311986.0,2147757546.0,5.62,5.33,0.155087,2.86242,1208787850.0,3.17702,7013218277.0,8162430287.0,,31.32,-82.11289,2022-01-17T13:34:36.289Z,2.65,111.1326,2022-09-07T03:17:53.109Z,,2024-07-11T10:16:30.464Z
aioz-network,aioz,AIOZ Network,https://coin-images.coingecko.com/coins/images/14631/large/aioz-logo-200.png?1696514309,35.24,38985658532,141,39070641815.0,255168636.0,36.43,34.63,0.144025,0.41037,160100698.0,0.41236,1104222431.95814,1106629482.42982,,194.51,-81.88507,2021-04-03T11:55:34.211Z,0.912215,3762.67264,2023-09-13T19:20:42.446Z,,2024-07-11T10:15:39.826Z
livepeer,lpt,Livepeer,https://coin-images.coingecko.com/coins/images/7137/large/badge-logo-circuit-green.png?1719357686,1152.65,38405558524,143,38405558524.0,2845742460.0,1166.99,1101.02,41.36,3.72217,1065290987.0,2.85293,33248993.4590077,33248993.4590077,33248993.4590077,7340.08,-84.23754,2021-11-09T16:58:44.554Z,25.08,4512.97197,2019-10-26T22:59:09.500Z,,2024-07-11T10:15:38.704Z
axelar,axl,Axelar,https://coin-images.coingecko.com/coins/images/27277/large/V-65_xQ1_400x400.jpeg?1696526329,52.99,38059381915,145,61484394336.0,1312033590.0,54.87,51.75,0.214337,0.40615,232744735.0,0.61529,716494823.648811,1157530439.91591,,219.16,-75.74199,2024-03-01T09:20:05.541Z,26.06,104.02833,2023-10-26T16:35:19.041Z,,2024-07-11T10:16:35.254Z
nervos-network,ckb,Nervos Network,https://coin-images.coingecko.com/coins/images/9566/large/Nervos_White.png?1696509646,0.848748,37922131013,144,38507919023.0,1533968581.0,0.857804,0.82966,0.00268901,0.31783,94129374.0,0.24884,44532745952.4163,45220648977.0014,,3.2,-73.21839,2021-03-31T17:08:59.155Z,0.163723,423.0045,2022-12-17T14:25:57.243Z,"{'times': 0.015793276467679, 'currency': 'usd', 'percentage': 1.5793276467679}",2024-07-11T10:15:40.662Z
pax-gold,paxg,PAX Gold,https://coin-images.coingecko.com/coins/images/9519/large/paxgold.png?1696509604,197468.0,36643897697,146,36643897697.0,651671066.0,197843.0,195515.0,1392.35,0.71011,203484767.0,0.5584,185458.359,185458.359,,238780.0,-17.15227,2024-04-13T21:01:41.334Z,100361.0,97.11258,2019-10-26T15:58:49.353Z,,2024-07-11T10:16:38.466Z
xdce-crowd-sale,xdc,XDC Network,https://coin-images.coingecko.com/coins/images/2912/large/xdc-icon.png?1696503661,2.45,36522845264,147,92910821454.0,651843054.0,2.46,2.33,0.104441,4.45956,1670548996.0,4.79323,14909050363.85,37927278294.0,,14.32,-82.86669,2021-08-21T04:39:48.324Z,0.02721364,8916.89655,2019-07-22T00:00:00.000Z,"{'times': 0.24121179299374057, 'currency': 'eth', 'percentage': 24.121179299374056}",2024-07-11T10:15:51.160Z
dog-go-to-the-moon-rune,dog,DOGGOTOTHEMOON (Runes),https://coin-images.coingecko.com/coins/images/37352/large/DOGGOTOTHEMOON.png?1714096969,0.368171,36452873508,148,36452873508.0,1369695559.0,0.3853,0.349676,-0.009903105515010448,-2.61936,-1317135655.8318481,-3.48725,100000000000.0,100000000000.0,100000000000.0,0.815147,-55.61393,2024-06-04T12:07:35.002Z,0.15284,136.72537,2024-05-15T10:56:09.144Z,,2024-07-11T10:16:46.368Z
theta-fuel,tfuel,Theta Fuel,https://coin-images.coingecko.com/coins/images/8029/large/1_0YusgngOrriVg4ZYx4wOFQ.png?1696508251,5.49,36391119979,150,36394192699.0,122974053.0,5.61,5.42,-0.016915764592891236,-0.30702,-105047937.32550812,-0.28783,6609446195.0,6610004270.0,,49.72,-88.94093,2021-06-09T06:50:55.818Z,0.06858,7917.77555,2020-03-13T02:30:37.972Z,,2024-07-11T10:16:16.164Z
layerzero,zro,LayerZero,https://coin-images.coingecko.com/coins/images/28206/large/ftxG9_TJ_400x400.jpeg?1696527208,328.89,36253590946,149,329577494282.0,22624500868.0,371.74,320.63,-38.62397294496975,-10.50939,-4206230234.1915894,-10.39607,110000202.0,1000000000.0,1000000000.0,400.84,-17.4003,2024-06-20T12:35:01.246Z,207.05,59.90886,2024-06-27T07:51:29.088Z,,2024-07-11T10:15:45.506Z
trust-wallet-token,twt,Trust Wallet,https://coin-images.coingecko.com/coins/images/11085/large/Trust.png?1696511026,85.4,35680138648,151,85635778740.0,1143439279.0,85.97,83.15,1.34,1.59366,669522201.0,1.91234,416649900.0,1000000000.0,,224.28,-61.79151,2022-12-11T23:25:46.205Z,0.209814,40742.71988,2020-06-09T09:15:06.983Z,,2024-07-11T10:15:54.827Z
apenft,nft,APENFT,https://coin-images.coingecko.com/coins/images/15687/large/apenft.jpg?1696515316,3.599e-05,35645318347,152,36001168875.0,1136533730.0,3.609e-05,3.55e-05,2.9365e-07,0.82252,225498096.0,0.63664,990105682877398.0,999990000000000.0,999990000000000.0,0.00054965,-93.43938,2021-09-05T00:10:47.823Z,2.463e-05,46.41218,2023-06-10T04:30:05.717Z,,2024-07-11T10:15:42.500Z
kava,kava,Kava,https://coin-images.coingecko.com/coins/images/9761/large/kava.png?1696509822,32.45,35248800269,153,35248800269.0,711410091.0,32.82,31.81,0.533122,1.67034,597983006.0,1.72574,1082856129.0,1082856129.0,,668.53,-95.13007,2021-08-30T11:10:02.948Z,21.68,50.1779,2020-03-13T02:24:16.835Z,,2024-07-11T10:16:39.945Z
sats-ordinals,sats,SATS (Ordinals),https://coin-images.coingecko.com/coins/images/30666/large/_dD8qr3M_400x400.png?1702913020,1.658e-05,34896839265,154,34896839265.0,6892133921.0,1.729e-05,1.513e-05,1.36e-06,8.97161,2756803729.0,8.57748,2100000000000000.0,2100000000000000.0,2100000000000000.0,7.675e-05,-78.24968,2023-12-26T00:45:04.378Z,2.63579e-07,6233.27625,2023-07-08T13:03:18.882Z,,2024-07-11T10:15:34.958Z
illuvium,ilv,Illuvium,https://coin-images.coingecko.com/coins/images/14468/large/logo-200x200.png?1696514154,5191.43,34642581852,155,50027822605.0,649973469.0,5210.21,4902.02,289.41,5.90384,1960769513.0,5.99957,6648981.54710075,9601884.4889134,,143347.0,-96.38847,2021-11-30T15:18:57.382Z,2172.8,138.26462,2021-06-22T14:11:59.151Z,,2024-07-11T10:16:16.265Z
stader-ethx,ethx,Stader ETHx,https://coin-images.coingecko.com/coins/images/30870/large/staderx.png?1696529717,270757.0,34265833008,156,34265833008.0,35444116.0,271348.0,264420.0,4936.44,1.85706,616699091.0,1.83273,126304.104288225,126304.104288225,,343415.0,-20.98537,2024-03-13T08:36:12.483Z,128017.0,111.9629,2023-10-12T17:37:32.660Z,,2024-07-11T10:16:48.161Z
bitcoin-gold,btg,Bitcoin Gold,https://coin-images.coingecko.com/coins/images/1043/large/bitcoin-gold-logo.png?1696502150,1942.9,34021462338,157,40793297327.0,375231188.0,1974.37,1919.29,-27.446146345092075,-1.39296,-487276264.6495857,-1.41204,17513924.0,21000000.0,,29188.0,-93.33809,2017-12-20T00:00:00.000Z,321.21,505.36614,2020-03-13T02:22:52.902Z,,2024-07-11T10:15:50.224Z
usdb,usdb,USDB,https://coin-images.coingecko.com/coins/images/35595/large/65c67f0ebf2f6a1bd0feb13c_usdb-icon-yellow.png?1709255427,83.19,33828265951,158,33828265951.0,2760663164.0,84.34,81.16,0.068958,0.08296,10466817.0,0.03095,406046631.5607005,406046631.5607005,,88.67,-5.75667,2024-03-06T08:40:47.967Z,79.32,5.34691,2024-03-19T09:10:25.685Z,,2024-07-11T10:16:39.163Z
paypal-usd,pyusd,PayPal USD,https://coin-images.coingecko.com/coins/images/31212/large/PYUSD_Logo_%282%29.png?1696530039,83.68,33075821617,159,33075821617.0,2643124234.0,84.31,82.43,0.166213,0.19901,-213941989.8638115,-0.64267,394968894.65,394968894.65,,84.8,-1.10427,2024-07-05T10:17:15.760Z,80.95,3.59718,2023-08-25T16:10:42.670Z,,2024-07-11T10:16:07.810Z
terra-luna,lunc,Terra Luna Classic,https://coin-images.coingecko.com/coins/images/8284/large/01_LunaClassic_color.png?1696508486,0.00602028,32967835086,160,40944752516.0,1467263401.0,0.00605722,0.00585092,7.997e-05,1.34623,486388650.0,1.49744,5459902814256.73,6780984220060.63,,8974.09,-99.99993,2022-04-05T12:24:58.854Z,7.733e-05,7718.11318,2022-05-13T02:34:40.340Z,,2024-07-11T10:16:38.242Z
aevo-exchange,aevo,Aevo,https://coin-images.coingecko.com/coins/images/35893/large/aevo.png?1710138340,37.74,32054894490,161,37821887309.0,4887895566.0,39.7,36.87,0.813856,2.20387,874956715.0,2.80615,847522341.432605,1000000000.0,1000000000.0,313.13,-87.86433,2024-03-28T00:05:46.673Z,28.84,31.78525,2024-07-06T02:15:26.424Z,,2024-07-11T10:15:38.001Z
mx-token,mx,MX,https://coin-images.coingecko.com/coins/images/8545/large/MEXC_GLOBAL_LOGO.jpeg?1696508719,316.43,31167428000,162,135131375693.0,1471469222.0,320.2,311.89,-0.11110998353797186,-0.0351,49855774.0,0.16022,98368834.0,426493834.0,,487.24,-34.74718,2024-04-09T22:10:39.934Z,3.02,10422.6979,2019-11-25T05:59:45.392Z,,2024-07-11T10:16:36.593Z
singularitynet,agix,SingularityNET,https://coin-images.coingecko.com/coins/images/2138/large/singularitynet.png?1696503103,42.87,30755566211,163,36669051852.0,74646117.0,43.73,42.1,0.329445,0.77444,-12693954.243118286,-0.04126,716907996.006443,854750528.687602,2000000000.0,120.89,-64.61673,2024-03-10T00:24:59.207Z,0.564105,7482.64638,2020-03-13T02:24:16.528Z,"{'times': 4.130623554535224, 'currency': 'usd', 'percentage': 413.0623554535224}",2024-07-11T10:16:40.144Z
safepal,sfp,SafePal,https://coin-images.coingecko.com/coins/images/13905/large/sfp.png?1696513647,65.88,30560901258,164,33038812171.0,360993217.0,67.01,65.32,0.2134,0.32498,95991921.0,0.31509,462500000.0,500000000.0,500000000.0,305.14,-78.34824,2021-02-09T18:30:34.250Z,21.03,214.1648,2022-06-14T02:06:50.102Z,,2024-07-11T10:15:45.945Z
echelon-prime,prime,Echelon Prime,https://coin-images.coingecko.com/coins/images/29053/large/prime-logo-small-border_%282%29.png?1696528020,709.84,30309826382,165,78759467570.0,372720849.0,709.84,639.48,70.36,11.00289,2917041487.0,10.64894,42760046.3464,111111111.0,111111111.0,2324.99,-69.56487,2024-03-21T10:55:19.600Z,98.56,617.9625,2023-05-25T01:50:17.283Z,,2024-07-11T10:16:01.685Z
zcash,zec,Zcash,https://coin-images.coingecko.com/coins/images/486/large/circle-zcash-color.png?1696501740,1960.94,29672548317,166,41213030647.0,4561108489.0,1966.66,1915.59,9.9,0.50748,173183210.0,0.58707,15119575.1655448,21000000.0,21000000.0,211171.0,-99.07019,2016-10-29T00:00:00.000Z,1342.38,46.26855,2024-07-05T04:22:29.321Z,,2024-07-11T10:16:59.848Z
woo-network,woo,WOO,https://coin-images.coingecko.com/coins/images/12921/large/WOO_Logos_2023_Profile_Pic_WOO.png?1696512709,15.41,29581025699,167,34454069890.0,756518222.0,15.73,15.09,-0.00913920825705894,-0.05927,-95792740.68543625,-0.32279,1914967978.46096,2230431129.71776,2230431129.71776,132.32,-88.33407,2021-11-15T13:44:18.437Z,1.62,855.73132,2021-01-04T10:19:13.803Z,,2024-07-11T10:15:44.184Z
iotex,iotx,IoTeX,https://coin-images.coingecko.com/coins/images/3334/large/iotex-logo.png?1696504041,3.1,29295759127,168,29466071394.0,1085108826.0,3.16,3.05,-0.010322085065803233,-0.33228,26843867.0,0.09171,9441378929.0,9496266827.32,9496266827.32,19.01,-83.70836,2021-11-13T16:54:18.643Z,0.09182,3272.07528,2020-03-13T02:29:47.597Z,,2024-07-11T10:16:56.373Z
curve-dao-token,crv,Curve DAO,https://coin-images.coingecko.com/coins/images/12124/large/Curve.png?1696511967,23.98,28703371296,169,51533668747.0,8200180160.0,24.61,23.28,0.701117,3.01181,804964128.0,2.88534,1193250720.0,2142347207.34561,3303030299.0,1150.14,-97.90989,2020-08-14T00:00:00.000Z,18.5,29.94041,2024-07-05T09:02:04.222Z,,2024-07-11T10:15:43.372Z
h2o-dao,h2o,H2O Dao,https://coin-images.coingecko.com/coins/images/24588/large/h2o-cg.jpg?1716876224,34.32,28298937186,170,34301742044.0,517657014.0,34.97,33.56,-0.36959812164145944,-1.0655,-342487112.3103409,-1.19578,825000000.0,1000000000.0,,109.63,-68.66756,2022-06-02T04:17:56.939Z,8.3,313.96482,2023-09-11T20:03:37.183Z,,2024-07-11T10:16:58.135Z
arkham,arkm,Arkham,https://coin-images.coingecko.com/coins/images/30929/large/Arkham_Logo_CG.png?1696529771,119.71,27923763022,171,119915765586.0,2304964102.0,123.96,118.68,-0.1559684385131419,-0.13011,-74225606.74470139,-0.26511,232861483.10096106,1000000000.0,1000000000.0,329.03,-63.40228,2024-03-10T00:04:54.733Z,23.97,402.37854,2023-10-19T02:00:13.308Z,,2024-07-11T10:16:37.954Z
compound-ether,ceth,cETH,https://coin-images.coingecko.com/coins/images/10643/large/ceth.png?1696510617,5281.05,27823151834,173,27823151834.0,68109.0,5281.2,5131.2,81.79,1.57842,556053601.0,2.03928,5258383.07591649,5258383.07591649,,7263.93,-27.38099,2021-11-21T12:39:57.508Z,142.41,3603.9643,2020-03-13T02:22:33.711Z,,2024-07-11T10:10:58.470Z
osmosis,osmo,Osmosis,https://coin-images.coingecko.com/coins/images/16724/large/osmo.png?1696516298,41.26,27717938342,172,41246342018.0,685991984.0,41.8,41.01,-0.22228829388348004,-0.53588,-144388887.38137436,-0.51822,670771039.376737,998156910.674655,1000000000.0,856.26,-95.1716,2022-03-04T09:07:48.952Z,18.65,121.65585,2023-10-19T17:45:36.695Z,,2024-07-11T10:15:41.980Z
rocket-pool,rpl,Rocket Pool,https://coin-images.coingecko.com/coins/images/2090/large/rocket_pool_%28RPL%29.png?1696503058,1344.34,27638984638,174,27638984638.0,1808868820.0,1450.88,1206.53,135.44,11.20318,2787950001.0,11.21865,20522127.1781365,20522127.1781365,,5065.86,-73.45865,2023-04-16T19:20:19.534Z,0.618906,217145.87935,2018-08-28T00:00:00.000Z,,2024-07-11T10:16:56.826Z
compound-governance-token,comp,Compound,https://coin-images.coingecko.com/coins/images/10775/large/COMP.png?1696510737,3994.67,27435554735,175,40016352890.0,2425216642.0,4064.89,3923.74,8.16,0.20479,27910916.0,0.10184,6856085.76329154,10000000.0,10000000.0,66833.0,-94.01858,2021-05-12T02:29:08.794Z,2058.98,94.15347,2022-06-18T20:54:18.261Z,,2024-07-11T10:17:00.706Z
aerodrome-finance,aero,Aerodrome Finance,https://coin-images.coingecko.com/coins/images/31745/large/token.png?1696530564,51.29,27373821598,176,59286207307.0,1716291057.0,52.58,50.23,-0.5141513506939788,-0.99249,371587697.0,1.37614,532338407.706772,1152938221.77963,,192.24,-73.26968,2024-04-12T03:44:52.080Z,0.0015484,3318565.56906,2023-10-17T01:23:50.860Z,,2024-07-11T10:15:36.738Z
stepn,gmt,GMT,https://coin-images.coingecko.com/coins/images/23597/large/token-gmt-200x200.png?1703153841,12.01,27261085806,177,63905476075.0,1192415621.0,12.05,11.61,0.274154,2.33586,539222730.0,2.01791,2269305593.50179,5319709396.28555,6000000000.0,314.84,-96.17962,2022-04-28T03:29:53.820Z,7.71,56.07358,2022-03-11T06:04:31.100Z,,2024-07-11T10:16:58.930Z
kusama,ksm,Kusama,https://coin-images.coingecko.com/coins/images/9568/large/m4zRhP5e_400x400.jpg?1696509648,1771.16,26945656186,178,26948929413.0,935336722.0,1776.99,1720.31,10.09,0.57279,124923701.0,0.46577,15190263.6116265,15192108.850658,,45494.0,-96.09649,2021-05-18T05:04:41.858Z,62.15,2757.40295,2020-01-14T19:20:20.768Z,,2024-07-11T10:15:42.244Z
corgiai,corgiai,CorgiAI,https://coin-images.coingecko.com/coins/images/30933/large/Token.png?1696529775,0.078332,26872887049,179,29139087928.0,25037979.0,0.079198,0.075863,-0.00086618630635045,-1.09369,-380387789.0648651,-1.39575,343529984547.981,372500000000.0,500000000000.0,0.350448,-77.70448,2024-03-02T22:59:31.763Z,0.00367361,2026.90895,2023-09-06T20:16:08.253Z,,2024-07-11T10:15:37.221Z
memecoin-2,meme,Memecoin,https://coin-images.coingecko.com/coins/images/32528/large/memecoin_%282%29.png?1698912168,1.22,26692816070,180,84125726682.0,2081637477.0,1.24,1.2,0.00334833,0.27592,115462760.0,0.43444,21893472798.9452,69000000000.0,69000000000.0,4.67,-73.81768,2024-03-04T17:30:21.569Z,1.024,19.44948,2024-07-05T04:20:35.368Z,,2024-07-11T10:15:34.558Z
aragon,ant,Aragon,https://coin-images.coingecko.com/coins/images/681/large/Avatar_Circle_x6.png?1696501871,663.87,26607633235,182,28702334436.0,373114771.0,665.76,649.09,11.36,1.74113,429910606.0,1.64228,40039312.049009934,43191429.8753035,45094973.0,1073.85,-38.1569,2021-04-06T09:35:37.795Z,21.38,3006.22172,2018-11-27T00:00:00.000Z,,2024-07-11T10:15:43.891Z
cat-in-a-dogs-world,mew,cat in a dogs world,https://coin-images.coingecko.com/coins/images/36440/large/MEW.png?1711442286,0.299106,26593137222,181,26593137222.0,2270992197.0,0.303466,0.290222,0.0041904,1.42088,191190287.0,0.72415,88888888888.88,88888888888.88,88888888888.88,0.810165,-62.863,2024-03-31T02:04:16.266Z,0.076032,295.71529,2024-03-27T01:55:58.952Z,,2024-07-11T10:15:38.053Z
golem,glm,Golem,https://coin-images.coingecko.com/coins/images/542/large/Golem_Submark_Positive_RGB.png?1696501761,26.35,26338501438,183,26338501438.0,793636929.0,27.08,26.04,-0.512901406247618,-1.90928,-511429022.15221786,-1.90477,1000000000.0,1000000000.0,,86.4,-69.59344,2018-04-13T09:13:22.739Z,0.613205,4184.50097,2016-12-12T00:00:00.000Z,"{'times': 30.53656929638243, 'currency': 'usd', 'percentage': 3053.656929638243}",2024-07-11T10:17:01.945Z
constitutiondao,people,ConstitutionDAO,https://coin-images.coingecko.com/coins/images/20612/large/GN_UVm3d_400x400.jpg?1696520017,5.11,25927446363,184,25927446363.0,16985835049.0,5.32,4.82,0.258921,5.34083,1283398835.0,5.20774,5066669005.45718,5066669005.45718,5066669005.45718,13.94,-63.18247,2021-12-23T05:59:19.861Z,0.068321,7412.60414,2021-11-21T11:33:21.508Z,,2024-07-11T10:15:39.246Z
blast,blast,Blast,https://coin-images.coingecko.com/coins/images/35494/large/Blast.jpg?1719385662,1.45,25925773413,185,146513799294.0,10863528276.0,1.46,1.3,0.144889,11.07673,2696296057.0,11.60722,17695106903.4754,100000000000.0,100000000000.0,2.44,-39.94085,2024-06-27T00:20:41.843Z,1.078,35.89957,2024-07-05T03:56:14.741Z,,2024-07-11T10:16:58.443Z
dydx,ethdydx,dYdX,https://coin-images.coingecko.com/coins/images/17500/large/hjnIm9bV.jpg?1696517040,111.0,25450406387,186,46148657167.0,2210496884.0,112.14,107.39,2.61,2.41217,618960071.0,2.49265,228608621.22258434,414530940.13144416,1000000000.0,2071.47,-94.61767,2021-09-30T01:23:43.570Z,78.79,41.51218,2022-06-18T20:55:50.603Z,,2024-07-11T10:15:52.173Z
blur,blur,Blur,https://coin-images.coingecko.com/coins/images/28453/large/blur.png?1696527448,14.57,25273464362,187,43798413122.0,2175709642.0,14.84,14.45,-0.11091328408875079,-0.75571,-83111610.0401802,-0.32777,1731121921.61339,3000000000.0,3000000000.0,416.11,-96.48226,2023-02-14T17:33:55.928Z,11.79,24.10386,2024-07-05T04:21:19.715Z,,2024-07-11T10:16:56.509Z
radix,xrd,Radix,https://coin-images.coingecko.com/coins/images/4374/large/6266da240f9ff5b6237a154c_Radix-Icon-256x256.png?1719376420,2.38,25026732672,188,30750141076.0,102492794.0,2.41,2.35,-0.02266652337957842,-0.94212,-231760658.90250778,-0.91756,10493680717.1231,12893499390.4907,24000000000.0,48.43,-95.0782,2021-11-14T16:09:27.130Z,2.21,8.0449,2024-07-05T05:01:20.002Z,,2024-07-11T10:16:52.517Z
beldex,bdx,Beldex,https://coin-images.coingecko.com/coins/images/5111/large/Beldex.png?1696505631,3.84,24780114893,189,38142986717.0,69314903.0,3.91,3.51,0.149205,4.03975,946531102.0,3.97142,6448451103.30615,9925829070.63997,,32.42,-88.13906,2018-12-17T00:00:00.000Z,0.01949843,19621.68599,2019-11-01T11:05:12.090Z,"{'times': -0.8160449621748211, 'currency': 'usd', 'percentage': -81.60449621748211}",2024-07-11T10:16:53.791Z
project-galaxy,gal,Galxe,https://coin-images.coingecko.com/coins/images/24530/large/galaxy.jpg?1696523708,208.29,24719477810,190,41704801191.0,14688579188.0,235.43,183.54,13.56,6.96313,1628675485.0,7.05335,118544997.71895246,200000000.0,200000000.0,1401.97,-85.11419,2022-05-06T01:14:11.342Z,74.02,181.95007,2023-06-10T06:49:52.957Z,,2024-07-11T10:16:35.084Z
compound-wrapped-btc,cwbtc,cWBTC,https://coin-images.coingecko.com/coins/images/10823/large/cwbtc.png?1696510780,97663.0,24640498431,192,24640498431.0,0.0,98363.0,95891.0,-463.4986090273451,-0.47243,-50581845.26779556,-0.20486,251578.09654791,251578.09654791,,122697.0,-20.30943,2024-03-14T07:10:27.945Z,6767.51,1344.81894,2020-03-16T11:09:17.436Z,,2024-07-11T10:16:25.433Z
zilliqa,zil,Zilliqa,https://coin-images.coingecko.com/coins/images/2687/large/Zilliqa-logo.png?1696503475,1.31,24628220326,191,25535497362.0,1062917054.0,1.33,1.3,0.00984709,0.75573,171474988.0,0.70114,18683049491.4492,19371312855.7606,21000000000.0,18.94,-93.03208,2021-04-17T06:39:37.521Z,0.18091,629.33278,2020-03-13T02:22:55.161Z,"{'times': -0.408623591140739, 'currency': 'eth', 'percentage': -40.8623591140739}",2024-07-11T10:15:46.168Z
manta-network,manta,Manta Network,https://coin-images.coingecko.com/coins/images/34289/large/manta.jpg?1704468717,71.92,24445649122,193,72089705421.0,2342615581.0,74.14,71.32,0.193388,0.26962,29376071.0,0.12031,339100416.333333,1000000000.0,1000000000.0,335.43,-78.41901,2024-03-12T20:01:54.575Z,60.85,18.96666,2024-07-05T09:11:00.993Z,,2024-07-11T10:15:41.764Z
pepecoin-2,pepecoin,PepeCoin,https://coin-images.coingecko.com/coins/images/30219/large/pepecoin.jpeg?1696529130,207.09,24426113719,194,27760756172.0,308572458.0,221.78,203.18,-9.077790920874605,-4.19944,-1040761182.9865074,-4.08673,117700938.86245109,133769420.0,133769420.0,625.92,-66.89803,2024-04-11T03:26:48.637Z,0.906062,22767.11689,2023-10-13T16:22:49.631Z,,2024-07-11T10:16:46.121Z
holotoken,hot,Holo,https://coin-images.coingecko.com/coins/images/3348/large/Holologo_Profile.png?1696504052,0.136062,24204733445,196,24204733445.0,630189557.0,0.136608,0.132612,0.00091253,0.6752,121064183.0,0.50268,177619433541.141,177619433541.141,,2.29,-94.04829,2021-04-05T16:04:52.608Z,0.01662502,719.5533,2020-03-13T02:23:01.612Z,"{'times': 1.2885470979125568, 'currency': 'eth', 'percentage': 128.8547097912557}",2024-07-11T10:17:04.378Z
aethir,ath,Aethir,https://coin-images.coingecko.com/coins/images/36179/large/logogram_circle_dark_green_vb_green_%281%29.png?1718232706,6.37,24088158241,195,267646202675.0,2170244261.0,6.41,5.73,0.556186,9.55953,2064046380.0,9.37176,3780000000.0,42000000000.0,42000000000.0,9.9,-35.45252,2024-06-12T10:00:49.718Z,3.18,100.79918,2024-06-12T09:27:25.897Z,,2024-07-11T10:15:37.565Z
siacoin,sc,Siacoin,https://coin-images.coingecko.com/coins/images/289/large/siacoin.png?1696501638,0.417997,23919770183,197,23931599204.0,6364405129.0,0.45736,0.364245,0.04811955,13.00961,2947445738.0,14.05398,57738951412.8236,57767505000.0,,5.88,-92.95615,2018-01-06T00:00:00.000Z,0.00083433,49535.7853,2015-12-28T00:00:00.000Z,"{'times': -0.590707471967037, 'currency': 'btc', 'percentage': -59.07074719670369}",2024-07-11T10:15:55.975Z
maga,trump,MAGA,https://coin-images.coingecko.com/coins/images/31498/large/Maga-Trump-Logo-200px.png?1696530309,514.79,23885215475,198,23683463368.0,510533006.0,521.99,479.19,7.79,1.53666,245148002.0,1.037,46502515.0,46109720.53554367,47000000.0,1461.68,-64.79694,2024-06-01T07:55:26.380Z,0.945886,54299.47878,2023-10-14T05:55:52.022Z,,2024-07-11T10:16:26.565Z
celo,celo,Celo,https://coin-images.coingecko.com/coins/images/11090/large/InjXBNx9_400x400.jpg?1696511031,43.83,23811799822,199,43901071423.0,1002903958.0,44.76,43.16,0.170438,0.39039,63634536.0,0.26796,542396781.0,1000000000.0,1000000000.0,719.56,-93.90697,2021-08-30T14:25:09.929Z,31.07,41.11427,2023-06-10T04:31:15.287Z,,2024-07-11T10:15:36.267Z
just,jst,JUST,https://coin-images.coingecko.com/coins/images/11095/large/JUST.jpg?1696511035,2.39,23725856034,200,23725856034.0,1915649857.0,2.4,2.35,0.01455513,0.61213,130992215.0,0.55517,9900000000.0,9900000000.0,9900000000.0,14.19,-83.10284,2021-04-05T04:34:23.454Z,0.359754,566.65624,2020-05-09T06:08:54.872Z,,2024-07-11T10:15:46.261Z
dash,dash,Dash,https://coin-images.coingecko.com/coins/images/19/large/dash-logo.png?1696501423,1974.08,23466923675,201,37392636985.0,2202081422.0,2018.35,1937.2,-8.408030622636716,-0.42412,-142358486.90997696,-0.60298,11873840.1921143,18920000.0,,95552.0,-97.93164,2017-12-20T00:00:00.000Z,13.82,14205.19708,2014-02-14T00:00:00.000Z,,2024-07-11T10:16:39.009Z
aelf,elf,aelf,https://coin-images.coingecko.com/coins/images/1371/large/aelf-logo.png?1696502429,31.95,23219962290,202,31731416190.0,1419381712.0,33.72,31.64,-1.2305897823019194,-3.70875,-958885038.6926842,-3.9658,725800324.53419,991847957.399841,1000000000.0,165.75,-80.68432,2018-01-09T00:00:00.000Z,2.68,1095.93161,2020-03-13T02:22:35.431Z,,2024-07-11T10:15:33.503Z
liquid-staked-ethereum,lseth,Liquid Staked ETH,https://coin-images.coingecko.com/coins/images/28848/large/LsETH-receipt-token-circle.png?1696527824,274785.0,22995396002,203,22995396002.0,1588419.0,275490.0,268118.0,4080.19,1.50725,344527034.0,1.52103,83587.4132743497,83587.4132743497,,353038.0,-22.02321,2024-03-12T00:25:57.696Z,113614.0,142.30167,2023-03-10T10:47:08.985Z,,2024-07-11T10:16:49.789Z
ankr,ankr,Ankr Network,https://coin-images.coingecko.com/coins/images/4324/large/U85xTl2.png?1696504928,2.3,22995213925,204,22995213925.0,643660775.0,2.31,2.26,0.01334346,0.58459,107309144.0,0.46885,10000000000.0,10000000000.0,10000000000.0,15.92,-85.56863,2021-04-16T19:44:04.474Z,0.0534,4201.77438,2020-03-13T02:24:03.563Z,"{'times': 3.1631786161470226, 'currency': 'usd', 'percentage': 316.3178616147023}",2024-07-11T10:16:57.116Z
0x,zrx,0x Protocol,https://coin-images.coingecko.com/coins/images/863/large/0x.png?1696501996,26.78,22715399103,205,26802955571.0,1203192286.0,27.72,25.85,0.793064,3.05138,642788345.0,2.91215,847496054.8122635,1000000000.0,1000000000.0,179.79,-85.14233,2021-04-13T17:40:01.555Z,9.11,193.10862,2020-03-13T02:27:49.563Z,"{'times': 5.6780221118627185, 'currency': 'usd', 'percentage': 567.8022111862718}",2024-07-11T10:16:59.588Z
enjincoin,enj,Enjin Coin,https://coin-images.coingecko.com/coins/images/1102/large/Symbol_Only_-_Purple.png?1709725966,13.88,22611391597,206,25294654801.0,1071242047.0,14.17,13.66,-0.03311322367854075,-0.23799,-109987237.91874313,-0.48407,1626281333.97868,1819269936.39232,,359.07,-96.13894,2021-11-25T09:53:41.955Z,1.22,1040.06144,2017-11-12T00:00:00.000Z,,2024-07-11T10:15:36.234Z
basic-attention-token,bat,Basic Attention,https://coin-images.coingecko.com/coins/images/677/large/basic-attention-token.png?1696501867,15.04,22525017699,207,22602109941.0,951555099.0,15.15,14.65,0.205561,1.38591,347795302.0,1.56825,1494883735.9526057,1500000000.0,1500000000.0,142.64,-89.43899,2021-11-28T00:23:51.354Z,4.66,223.58988,2017-07-16T00:00:00.000Z,"{'times': -0.6328784357837148, 'currency': 'eth', 'percentage': -63.287843578371486}",2024-07-11T10:16:58.821Z
casper-network,cspr,Casper Network,https://coin-images.coingecko.com/coins/images/15279/large/CSPR_Token_Logo_CoinGecko.png?1709518377,1.83,22309080930,208,23403768378.0,383942390.0,1.84,1.75,0.069168,3.92058,849367376.0,3.95796,12148894224.0,12745030033.0,,97.26,-98.10767,2021-05-12T00:00:00.000Z,1.5,23.0668,2024-07-05T04:22:25.109Z,,2024-07-11T10:17:00.125Z
polymesh,polyx,Polymesh,https://coin-images.coingecko.com/coins/images/23496/large/Polymesh-symbol.png?1696522706,20.84,22258781373,209,22258781373.0,3903067828.0,22.56,19.29,1.35,6.93584,1394671834.0,6.68455,1067574658.99988,1067574658.99988,,62.43,-66.58545,2024-03-31T21:30:42.403Z,8.08,158.07938,2022-06-17T05:39:00.664Z,,2024-07-11T10:16:01.958Z
origintrail,trac,OriginTrail,https://coin-images.coingecko.com/coins/images/1877/large/TRAC.jpg?1696502873,54.06,21946135909,210,27021415321.0,215391903.0,54.8,52.72,-0.25826259520218997,-0.47545,-164802251.71825027,-0.74534,406087831.602,500000000.0,500000000.0,261.16,-79.3196,2021-11-03T18:09:57.627Z,0.290873,18468.12655,2020-03-13T02:24:12.031Z,"{'times': 5.470190217056137, 'currency': 'usd', 'percentage': 547.0190217056137}",2024-07-11T10:15:46.379Z
terra-luna-2,luna,Terra,https://coin-images.coingecko.com/coins/images/25767/large/01_Luna_color.png?1696524851,31.81,21906036297,211,34357177308.0,1090816079.0,32.14,31.42,0.204804,0.64793,85772796.0,0.39309,687660230.0,1078518456.25778,,1466.09,-97.8187,2022-05-28T09:18:14.847Z,25.57,25.09088,2024-07-05T03:13:51.303Z,,2024-07-11T10:15:41.466Z
m2-global-wealth-limited-mmx,mmx,MMX,https://coin-images.coingecko.com/coins/images/33161/large/mmx.png?1700830276,153.07,21868901794,213,76477206477.0,75903750.0,154.85,150.65,1.95,1.29315,-56745123.11236572,-0.25881,142967227.889998,499967227.889998,500000000.0,289.67,-47.14001,2023-11-24T13:04:35.352Z,74.0,106.90342,2023-12-21T12:34:26.804Z,,2024-07-11T10:15:27.145Z
dymension,dym,Dymension,https://coin-images.coingecko.com/coins/images/34182/large/dym.png?1704253006,114.42,21805114856,212,114741524285.0,2765837171.0,123.43,114.1,-8.263626029987435,-6.73582,-1653608566.3491898,-7.04901,190036824.0,1000000000.0,,706.01,-83.68936,2024-02-14T14:29:43.198Z,82.91,38.89574,2024-07-05T23:01:42.932Z,,2024-07-11T10:15:42.704Z
turbo,turbo,Turbo,https://coin-images.coingecko.com/coins/images/30117/large/TurboMark-QL_200.png?1708079597,0.313477,21714488992,214,21714488992.0,5307511195.0,0.328248,0.30356,-0.005592319584737549,-1.7527,-241002891.5171318,-1.09769,69000000000.0,69000000000.0,69000000000.0,0.810778,-61.04538,2024-05-28T23:25:53.268Z,0.00542752,5719.14752,2023-09-26T21:46:54.834Z,,2024-07-11T10:16:02.266Z
jito-governance-token,jto,Jito,https://coin-images.coingecko.com/coins/images/33228/large/jto.png?1701137022,174.28,21570846745,215,174760416479.0,3052755213.0,177.38,170.94,-0.9486514174055003,-0.54137,-150226378.53027725,-0.69162,123430964.4,1000000000.0,,501.19,-65.02286,2023-12-07T16:04:48.717Z,120.69,45.24904,2024-01-08T03:34:43.146Z,,2024-07-11T10:15:59.835Z
ether-fi,ethfi,Ether.fi,https://coin-images.coingecko.com/coins/images/35958/large/etherfi.jpeg?1710254562,184.79,21308416642,216,184968894461.0,9620064071.0,197.57,180.43,-0.9359789560535887,-0.50395,-201862446.5783577,-0.93845,115200000.0,1000000000.0,1000000000.0,711.06,-73.8022,2024-03-27T23:14:46.721Z,147.6,26.20677,2024-07-05T04:21:48.350Z,,2024-07-11T10:15:37.752Z
superfarm,super,SuperVerse,https://coin-images.coingecko.com/coins/images/14040/large/SV-Logo-200x200.png?1706880312,46.17,20932320755,217,46341641523.0,610939014.0,47.28,45.58,-0.3996063236595191,-0.85816,-183062332.12812805,-0.86696,451694843.416917,999998077.416917,999998077.416917,347.99,-86.68952,2021-03-31T07:38:55.006Z,5.86,690.6193,2023-10-19T12:45:13.117Z,,2024-07-11T10:16:57.349Z
gmx,gmx,GMX,https://coin-images.coingecko.com/coins/images/18323/large/arbit.png?1696517814,2179.37,20893462900,218,20893895662.0,1390150027.0,2202.82,2148.38,29.5,1.37217,207505102.0,1.00312,9572199.85263718,9572398.11968683,13250000.0,7471.67,-70.72759,2023-04-18T10:00:25.680Z,868.77,151.75045,2021-09-24T14:19:24.453Z,,2024-07-11T10:15:41.935Z
biconomy,bico,Biconomy,https://coin-images.coingecko.com/coins/images/21061/large/biconomy_logo.jpg?1696520444,25.24,20875288456,219,25249356738.0,594826148.0,25.82,25.1,-0.0588541162716929,-0.2326,-121055154.36161041,-0.57655,826765159.736519,1000000000.0,1000000000.0,1608.24,-98.42569,2021-12-02T02:18:45.254Z,15.74,60.80945,2023-09-11T19:42:03.355Z,,2024-07-11T10:16:35.102Z
ravencoin,rvn,Ravencoin,https://coin-images.coingecko.com/coins/images/3412/large/ravencoin.png?1696504108,1.48,20818870616,221,31126252804.0,758779299.0,1.49,1.46,0.00859643,0.58501,204600532.0,0.99252,14045901563.6639,21000000000.0,21000000000.0,20.69,-92.84412,2021-02-20T11:19:07.791Z,0.674614,119.49785,2020-03-13T02:30:00.004Z,,2024-07-11T10:16:59.597Z
ethereum-pow-iou,ethw,EthereumPoW,https://coin-images.coingecko.com/coins/images/26997/large/logo-clear.png?1696526049,191.88,20714981548,222,20714938127.0,429420543.0,192.85,187.34,2.9,1.53513,213280114.0,1.0403,107818943.04993,107818717.04993,,4666.96,-95.87023,2022-09-03T00:10:33.722Z,97.25,98.18841,2023-10-11T18:16:44.520Z,,2024-07-11T10:15:56.770Z
centrifuge,cfg,Centrifuge,https://coin-images.coingecko.com/coins/images/15380/large/centrifuge.PNG?1696515027,41.65,20619522509,220,22839659221.0,46298040.0,42.04,36.58,5.03,13.73125,2403285973.0,13.1931,495670060.0,549039642.0,,164.39,-74.42541,2021-10-15T00:00:00.000Z,11.98,250.82651,2023-01-05T00:00:00.000Z,,2024-07-11T10:15:42.704Z
amp-token,amp,Amp,https://coin-images.coingecko.com/coins/images/12409/large/amp-200x200.png?1696512231,0.362561,20359374430,223,36153165930.0,667504967.0,0.368828,0.358331,0.0013058,0.36146,81576492.0,0.40229,56127938240.441696,99669205039.9948,99669205039.9948,8.86,-95.90179,2021-06-16T16:03:41.147Z,0.117308,209.37304,2023-10-12T11:15:35.927Z,,2024-07-11T10:15:35.088Z
io,io,io.net,https://coin-images.coingecko.com/coins/images/37754/large/io_blackbg.png?1715446363,212.12,20174951960,224,169894332294.0,11726359003.0,214.11,194.26,16.42,8.39114,1567822214.0,8.42592,95000000.0,800000000.0,800000000.0,536.7,-60.22565,2024-06-12T21:14:55.143Z,165.89,28.68451,2024-07-06T15:15:31.494Z,,2024-07-11T10:16:07.541Z
qtum,qtum,Qtum,https://coin-images.coingecko.com/coins/images/684/large/Qtum_Logo_blue_CG.png?1696501874,190.21,20074650106,225,20569593815.0,826022738.0,191.35,187.35,1.19,0.63072,126480223.0,0.63404,105227993.0,107822406.0,,6344.93,-96.98984,2018-01-06T00:00:00.000Z,59.13,223.02015,2020-03-13T02:22:57.149Z,"{'times': 6.588340618093877, 'currency': 'usd', 'percentage': 658.8340618093877}",2024-07-11T10:15:56.656Z
nosana,nos,Nosana,https://coin-images.coingecko.com/coins/images/22553/large/POfb_I4u_400x400.jpg?1696521873,237.92,19862323446,226,23815735547.0,75717027.0,247.9,236.61,-9.450466026015647,-3.82034,-818003977.8520851,-3.95547,83400000.0,100000000.0,,648.96,-63.18216,2024-03-06T19:15:02.968Z,0.867535,27441.74692,2023-10-23T22:44:28.893Z,,2024-07-11T10:16:59.273Z
bitcoin-avalanche-bridged-btc-b,btc.b,Bitcoin Avalanche Bridged (BTC.b),https://coin-images.coingecko.com/coins/images/26115/large/btcb.png?1696525205,4860857.0,19753865983,227,19753865983.0,231431224.0,4908535.0,4779307.0,-17199.051035643555,-0.35258,-150101734.80570984,-0.75413,4061.19788697,4061.19788697,,6176493.0,-21.19016,2024-03-14T01:31:37.666Z,642787.0,657.2781,2023-03-03T05:01:42.603Z,,2024-07-11T10:15:12.425Z
ssv-network,ssv,SSV Network,https://coin-images.coingecko.com/coins/images/19155/large/ssv.png?1696518606,2738.12,19490290390,228,31018860371.0,1464109625.0,2808.04,2654.55,83.57,3.14831,584418857.0,3.0912,7085672.647228521,11276871.0,,5493.59,-49.72648,2024-03-25T05:21:25.264Z,286.22,864.9337,2022-06-18T20:56:57.599Z,,2024-07-11T10:15:40.141Z
wrapped-beacon-eth,wbeth,Wrapped Beacon ETH,https://coin-images.coingecko.com/coins/images/30061/large/wbeth-icon.png?1696528983,273661.0,19444548534,229,19444548534.0,565720287.0,274505.0,267575.0,5036.36,1.87487,346116991.0,1.81228,70938.0,70938.0,,348643.0,-21.39319,2024-03-12T00:14:51.988Z,129172.0,112.1641,2023-10-12T17:25:09.026Z,,2024-07-11T10:15:42.420Z
nxm,nxm,Nexus Mutual,https://coin-images.coingecko.com/coins/images/11810/large/NXMmain.png?1696511684,5147.04,19434303768,231,19434303768.0,0.0,5866.23,4928.68,-603.6848187273417,-10.49045,-2330500677.7538986,-10.70766,3763730.9162149,3763730.9162149,3763730.9162149,13820.59,-62.73002,2021-11-10T16:08:03.198Z,519.67,891.18695,2020-07-22T19:54:06.406Z,,2024-07-11T10:16:21.195Z
metis-token,metis,Metis,https://coin-images.coingecko.com/coins/images/15595/large/Metis_Black_Bg.png?1702968192,3404.97,19387456390,230,34094823174.0,897039382.0,3447.67,3314.82,65.24,1.95356,341639520.0,1.79378,5686334.342,10000000.0,10000000.0,23993.0,-85.76833,2022-01-16T20:14:31.709Z,251.67,1256.77642,2021-05-23T17:07:45.384Z,,2024-07-11T10:16:37.822Z
reserve-rights-token,rsr,Reserve Rights,https://coin-images.coingecko.com/coins/images/8365/large/rsr.png?1696508558,0.38209,19367271780,232,38275240673.0,1310234929.0,0.388453,0.378376,0.00339411,0.89626,155535710.0,0.80959,50600000000.0,100000000000.0,100000000000.0,8.76,-95.63765,2021-04-16T17:45:02.062Z,0.090099,324.00711,2020-03-16T11:09:08.151Z,"{'times': 3.157153392608112, 'currency': 'usd', 'percentage': 315.71533926081116}",2024-07-11T10:16:16.772Z
ocean-protocol,ocean,Ocean Protocol,https://coin-images.coingecko.com/coins/images/3687/large/ocean-protocol-logo.jpg?1696504363,43.15,18869347752,233,51595827032.0,110035581.0,43.96,42.6,-0.15876745281065752,-0.36656,-76609341.52955627,-0.40436,437962569.54492205,1197552839.7507963,1410000000.0,144.23,-70.20811,2021-04-10T09:24:58.915Z,0.912771,4607.38761,2019-08-11T00:00:00.000Z,"{'times': 3.3039563084852257, 'currency': 'usd', 'percentage': 330.39563084852256}",2024-07-11T10:16:38.753Z
skale,skl,SKALE,https://coin-images.coingecko.com/coins/images/13245/large/SKALE_token_300x300.png?1696513021,3.6,18668656737,234,19324948697.0,1546336171.0,3.64,3.5,-0.008761313553667271,-0.2425,-71610920.09675217,-0.38212,5179144337.0,5361215861.5098,7000000000.0,88.37,-95.92749,2021-03-12T05:14:18.439Z,1.62,122.21392,2023-10-19T15:52:06.861Z,,2024-07-11T10:16:59.075Z
venom,venom,Venom,https://coin-images.coingecko.com/coins/images/28660/large/Venom_Icon.png?1696527645,11.04,18376397844,236,79618923831.0,333377071.0,11.03,10.7,0.080482,0.73458,90501835.0,0.49493,1666924208.98733,7222237608.94,8000000000.0,65.27,-83.1499,2024-03-25T11:36:14.849Z,9.11,20.71093,2024-07-05T04:20:35.925Z,,2024-07-11T10:16:31.613Z
decred,dcr,Decred,https://coin-images.coingecko.com/coins/images/329/large/decred.png?1696501665,1133.66,18370413374,235,23840750841.0,108264943.0,1136.91,1108.55,7.13,0.63281,141787095.0,0.77783,16181482.0109171,21000000.0,,18443.33,-93.8479,2021-04-17T00:41:14.790Z,29.25,3779.07353,2016-12-26T00:00:00.000Z,,2024-07-11T10:15:31.476Z
ponke,ponke,PONKE,https://coin-images.coingecko.com/coins/images/33929/large/ponke.png?1703415326,35.71,18118567988,243,20131771972.0,1406951238.0,36.28,34.33,-0.09978663995579495,-0.27864,168395091.0,0.93813,499992603.0,555548158.0,555548158.0,47.88,-24.64661,2024-05-27T18:10:39.212Z,0.772877,4567.84352,2024-01-03T19:05:58.444Z,,2024-07-11T10:16:25.620Z
tribe-2,tribe,Tribe,https://coin-images.coingecko.com/coins/images/14575/large/tribe.PNG?1696514256,39.71,18117033006,238,39816295884.0,2809642.0,42.62,39.31,-0.27994334738738047,-0.70006,-118338079.12623978,-0.64895,455015530.80485964,1000000000.0,1000000000.0,179.76,-78.01595,2021-04-03T23:33:40.147Z,11.5,243.68355,2022-08-19T07:45:15.996Z,,2024-07-11T10:15:26.979Z
gas,gas,Gas,https://coin-images.coingecko.com/coins/images/858/large/GAS_512_512.png?1696501992,276.58,18046845818,237,18046845818.0,285095424.0,279.93,272.05,3.25,1.18875,212522911.0,1.19165,65093580.54427269,65093580.54427269,,5841.05,-95.25648,2018-01-15T00:00:00.000Z,46.91,490.65994,2020-03-13T02:24:16.507Z,,2024-07-11T10:16:10.614Z
mask-network,mask,Mask Network,https://coin-images.coingecko.com/coins/images/14051/large/Mask_Network.jpg?1696513776,179.71,18015687359,239,18015687359.0,2075304839.0,181.26,175.63,2.16,1.21498,229672003.0,1.29131,100000000.0,100000000.0,100000000.0,2999.64,-94.00046,2021-02-24T17:42:44.637Z,80.4,123.82719,2022-10-13T10:36:10.009Z,,2024-07-11T10:16:58.951Z
chia,xch,Chia,https://coin-images.coingecko.com/coins/images/15174/large/zV5K5y9f_400x400.png?1696514829,1684.81,17996723165,240,53398800844.0,1507968828.0,1714.7,1619.3,54.67,3.35373,534297090.0,3.0597,10674933.4413879,31674024.1885202,,120553.0,-98.60153,2021-05-15T14:24:45.107Z,1460.7,15.41744,2024-07-05T03:07:40.969Z,,2024-07-11T10:16:58.634Z
api3,api3,API3,https://coin-images.coingecko.com/coins/images/13256/large/api3.jpg?1696513031,153.06,17756557701,242,20928673280.0,835161440.0,155.86,150.49,1.11,0.72872,64178256.0,0.36275,115580613.132423,136228481.357976,136228481.357976,763.93,-79.8901,2021-04-07T06:59:18.894Z,70.36,118.3426,2023-08-05T20:22:00.241Z,,2024-07-11T10:15:39.737Z
altlayer,alt,AltLayer,https://coin-images.coingecko.com/coins/images/34608/large/Logomark_200x200.png?1715107868,10.8,17697463404,241,108837699459.0,1881194319.0,11.4,10.83,-0.23637784337366696,-2.14258,-279666607.84230804,-1.55568,1626041665.0,10000000000.0,10000000000.0,56.44,-80.58864,2024-03-28T23:20:10.066Z,9.49,15.43705,2024-07-05T04:22:41.089Z,,2024-07-11T10:17:05.485Z
chromaway,chr,Chromia,https://coin-images.coingecko.com/coins/images/5000/large/Chromia.png?1696505533,21.38,17430604551,244,17430604551.0,1002965815.0,22.6,21.21,-0.8174931800443836,-3.68259,-681881327.0661926,-3.7647,812433989.326204,812433989.326204,978064789.0,110.77,-80.57621,2021-11-20T09:59:59.379Z,0.659872,3160.46057,2020-03-13T02:25:03.256Z,"{'times': 4.11790305027388, 'currency': 'usd', 'percentage': 411.790305027388}",2024-07-11T10:15:42.717Z
blox,cdt,Blox,https://coin-images.coingecko.com/coins/images/1231/large/Blox_Staking_Logo_2.png?1696502308,25.42,17180177259,245,25467991990.0,21078797.0,28.08,20.72,-0.47864527445072724,-1.84786,-298177665.8742447,-1.70598,674579184.17,1000000000.0,,85.52,-70.31987,2024-03-25T22:43:58.453Z,0.124415,20300.94482,2020-03-13T02:24:15.284Z,"{'times': -0.40978401316290464, 'currency': 'eth', 'percentage': -40.978401316290466}",2024-07-11T10:12:41.844Z
arcblock,abt,Arcblock,https://coin-images.coingecko.com/coins/images/2341/large/arcblock.png?1696503220,171.54,16832693192,246,31759798476.0,149235477.0,180.63,165.95,-7.806999351816614,-4.35295,-944286785.1269016,-5.31185,98580000.0,186000000.0,,391.18,-56.33487,2024-05-21T23:22:28.803Z,3.74,4472.38324,2020-03-13T02:17:32.390Z,"{'times': 0.24328869435808667, 'currency': 'eth', 'percentage': 24.328869435808667}",2024-07-11T10:16:19.640Z
threshold-network-token,t,Threshold Network,https://coin-images.coingecko.com/coins/images/22228/large/nFPNiSbL_400x400.jpg?1696521570,1.7,16665842806,247,18869923527.0,569762839.0,1.74,1.68,-0.006513101459901139,-0.38062,-69866649.59970093,-0.41747,9746068928.67167,11035000000.0,,17.19,-90.03204,2022-03-02T08:36:02.983Z,1.22,40.45602,2022-11-14T02:36:07.899Z,,2024-07-11T10:16:55.261Z
olympus,ohm,Olympus,https://coin-images.coingecko.com/coins/images/14483/large/token_OHM_%281%29.png?1696514169,1021.23,16633376455,249,22558044397.0,37321430.0,1032.0,1006.2,-1.9455867017650235,-0.19015,-4347165.177988052,-0.02613,16227658.7344302,22007813.4577896,22007813.0577896,121096.0,-99.15565,2021-04-29T00:00:00.000Z,616.08,65.96455,2022-11-26T16:36:26.296Z,,2024-07-11T10:15:23.295Z
benqi-liquid-staked-avax,savax,BENQI Liquid Staked AVAX,https://coin-images.coingecko.com/coins/images/23657/large/savax_blue.png?1696522860,2473.58,16608539827,248,16608539827.0,175220947.0,2588.93,2430.86,-89.61393713377811,-3.49618,-1048836229.7406921,-5.93993,6702313.47342306,6702313.87995231,,7869.05,-68.52898,2022-04-02T13:44:54.612Z,767.61,222.62108,2023-09-14T12:26:14.318Z,,2024-07-11T10:16:33.093Z
zelcash,flux,Flux,https://coin-images.coingecko.com/coins/images/5163/large/Flux_symbol_blue-white.png?1696505679,47.17,16518543240,250,20786314902.0,710619483.0,47.83,46.13,0.276234,0.58913,66457936.0,0.40395,349660777.299234,440000000.0,,247.09,-80.93902,2022-01-03T10:18:02.680Z,1.2,3827.11633,2021-01-13T05:29:57.987Z,,2024-07-11T10:15:42.540Z
