id,symbol,name,current_price,price_change_percentage_24h,high_price,low_price,sma_5,sma_20,ema_5,ema_20,rsi,rsi_28,lag_1,lag_2,lag_3,lag_5,bollinger_mid,bollinger_std,bollinger_upper,bollinger_lower,macd,macd_signal,macd_histogram,atr,roc
kaspa,kas,Kaspa,0.173452,-3.9162,0.18033152063505478,0.16974329156745063,726.571454398,3568.0890155815005,361.55997122404744,6558.132786700117,50.00006083970994,34.57989445385779,10.31,0.533808,1.199e-05,5.72,3568.0890155815005,14996.273507170908,33560.63602992332,-26424.457998760317,-8291.512491050718,-9949.742838823164,1658.2303477724454,10288.951094365906,-0.9721138263665595
fetch-ai,fet,Artificial Superintelligence Alliance,1.41,-0.96859,1.444184193755224,1.3931123344619867,2.485454398,3568.1526720315,241.50998081603166,5933.682997490582,5.415269263283392,34.58026646993943,0.173452,10.31,0.533808,3621.84,3568.1526720315,14996.257567436034,33560.66780690357,-26424.362462840567,-7856.0461693301095,-9531.003504924553,1674.957335594443,5386.536891738596,-0.9008438818565401
ethereum-classic,etc,Ethereum Classic,23.47,-0.8996,23.967602452000243,22.937019679635608,7.1794519999999995,3568.9731720315003,168.8299872106878,5370.805569158146,50.105345247436965,48.87972513277333,1.41,0.173452,10.31,1.199e-05,3568.9731720315003,14996.052919827318,33561.07901168614,-26423.132667623137,-7423.581487989689,-9109.51910153758,1685.9376135478915,589.4412136930479,-0.9392566903048812
aptos,apt,Aptos,7.33,-0.0748,7.427311540405459,7.131747597577561,8.538690399999998,3569.3180756315005,114.99665814045854,4859.998372095465,49.957964762791356,50.00210402638616,23.47,1.41,0.173452,0.533808,3569.3180756315005,14995.966604050784,33561.251283733065,-26422.615132470066,-7001.444185082069,-8687.904118246479,1686.4599331644094,590.0131716029701,0.20163934426229524
ethena-usde,usde,Ethena USDe,0.999229,-0.08648,1.0260812252309492,0.9519096278839098,6.676536199999998,3567.7780370815003,76.99751509363904,4397.236548943516,47.53897365337148,49.80280683623083,7.33,23.47,1.41,10.31,3567.7780370815003,14996.350593302697,33560.479223686896,-26424.923149523893,-6591.426311999666,-8268.608556997116,1677.1822449974507,563.3041432537933,-0.8738347222222222
monero,xmr,Monero,163.92,0.68739,169.23119663319247,162.118554447632,39.4258458,3575.9672757815,105.97167672909269,3994.0635442822286,51.03660953608364,49.995608028627565,0.999229,7.33,23.47,0.173452,3575.9672757815,14994.34441497735,33564.6561057362,-26412.7215541732,-6182.074739539096,-7851.301793505513,1669.2270539664169,548.1414027909589,1.2211382113821139
stellar,xlm,Stellar,0.102948,-1.40016,0.10553142282344605,0.10153053715074499,39.164435399999995,3575.9724222995,70.68210048606181,3613.686344636302,49.949725131183484,48.81384100492044,163.92,0.999229,7.33,1.41,3575.9724222995,14994.343123014509,33564.65866832852,-26412.71382372952,-5803.974728345896,-7441.83638047359,1637.8616521276936,559.6951656192516,-0.8969486394854038
mantle,mnt,Mantle,0.866618,-1.2156,0.9067732331316889,0.8395602425531852,34.643758999999996,216.61575319949998,47.41027299070788,3269.6082754328445,49.526971623865094,49.999953673714344,0.102948,163.92,0.999229,23.47,216.61575319949998,806.6164706720988,1829.8486945436975,-1396.6171881446976,-5441.539444153551,-7041.7769932095825,1600.2375490560316,554.8400795429267,-0.8484933566433567
blockstack,stx,Stacks,1.87,-1.43865,1.9091952611916687,1.7881984915545857,33.55175899999999,216.3982531995,32.23018199380526,2958.3951063440018,50.005702222168736,50.000446635086654,0.866618,0.102948,163.92,7.33,216.3982531995,806.6767729348335,1829.751799069167,-1396.955292670167,-5095.488288525319,-6652.51925227273,1557.030963747411,549.7137607513765,-0.99948368784927
dogwifcoin,wif,dogwifhat,2.72,6.70414,2.794691539259975,2.5949933756332646,33.895913199999995,215.82325319950002,22.393454662536843,2676.9022390731443,49.98034984794841,50.000903282349675,1.87,0.866618,0.102948,0.999229,215.82325319950002,806.8325542443954,1829.4883616882908,-1397.8418552892908,-4766.229539374706,-6275.261309693126,1509.03177031842,549.4328606277832,226854.7130942452
render-token,render,Render,6.88,-1.22794,7.190440336592973,6.784103655700544,2.4879132,196.8482531995,17.2223031083579,2422.614406780464,5.0553496226243055,49.99993705542194,2.72,1.87,0.866618,163.92,196.8482531995,807.0727909472599,1810.99383509402,-1417.2973286950198,-4453.615424919102,-5910.932132738322,1457.31670781922,287.7340323847357,11.888529209003988
filecoin,fil,Filecoin,4.62,-0.36351,4.783518483570628,4.484720116383969,3.3913235999999998,196.7742531995,13.021535405571935,2192.3292251823245,50.574641484339594,50.001464580436505,6.88,2.72,1.87,0.102948,196.7742531995,807.0912686786864,1810.9567905568729,-1417.408284157873,-4158.116669434864,-5560.36904007763,1402.2523706427664,29.20226747964865,-0.5518913676042677
maker,mkr,Maker,2824.4,0.05712,2961.804931101115,2755.2002715310036,568.0980000000001,337.5982531995,950.1476902703813,2252.526441831627,93.83204345318372,50.95789875676402,4.62,6.88,2.72,0.866618,337.5982531995,996.009225288797,2329.616703777094,-1654.420197378094,-3654.2748904151904,-5179.150210145142,1524.875319729952,240.39000400765778,16282.467472268987
injective-protocol,inj,Injective,27.03,-0.09449,27.348615913056793,26.230913210996537,573.1300000000001,335.2597531995,642.4417935135876,2040.5743997524244,50.13912861156407,50.009053487333475,2824.4,4.62,6.88,1.87,335.2597531995,996.715841631027,2328.691436461554,-1658.171930062554,-3441.0349223466133,-4831.527152585437,1390.4922302388236,439.55187166919137,18.170212765957448
arbitrum,arb,Arbitrum,0.778261,0.37302,0.7891993375207332,0.7408093457979928,572.7416522000001,335.24871639950004,428.5539493423918,1846.3081008236222,50.00501920853323,50.000261931100546,27.03,2824.4,4.62,2.72,335.24871639950004,996.7197389769526,2328.6881943534054,-1658.190761554405,-3236.846653924262,-4512.591052853202,1275.7443989289404,440.70536695103203,-0.9668401789518535
hedera-hashgraph,hbar,Hedera,0.071919,-2.87612,0.0743438091565507,0.06869505960666268,571.3800360000001,334.9663123495,285.7266058949279,1670.476083507087,49.98889451272255,8.715318589624516,0.778261,27.03,2824.4,6.88,334.9663123495,996.81881473546,2328.60394182042,-1658.67131712142,-3040.039295360605,-4218.080701354683,1178.0414059940776,440.66528364722046,-0.9901884038199181
crypto-com-chain,cro,Cronos,0.094013,0.52086,0.09650989860490014,0.09042028256995596,570.4748386,153.87901299950002,190.51574159661862,1511.3920767921263,49.805277212747974,49.97841402798122,0.071919,0.778261,27.03,4.62,153.87901299950002,629.6221029268454,1413.1232188531908,-1105.3651928541908,-2851.199410977562,-3944.704443279259,1093.5050323016972,439.05578282197797,-0.9059144600486976
cosmos,atom,Cosmos Hub,6.4,-0.35377,6.579407350594728,6.203044104938353,6.874838600000001,154.19901240000002,129.14382773107909,1368.059498050019,49.992240354512475,49.97244159092924,0.094013,0.071919,0.778261,2824.4,154.19901240000002,629.5414004076692,1413.2818132153384,-1104.8837884153386,-2670.2525919312734,-3689.814073009662,1019.5614810783886,438.3520072468474,-0.9609565641776476
okb,okb,OKB,41.54,-2.95136,42.05638394772911,39.50526915653483,9.7768386,156.249322,99.9425518207194,1241.724307759541,50.336641816354,48.75518254769958,6.4,0.094013,0.071919,27.03,156.249322,629.0812057178172,1414.4117334356342,-1101.9130894356344,-2495.2517212604635,-3450.9016026598224,955.649881399359,440.4433139308197,402.5046819753662
immutable-x,imx,Immutable,1.59,-2.14286,1.6295364536997017,1.5687360688292982,9.9391864,155.81332200000003,67.15836788047962,1123.6162784491087,48.623944263684535,49.98330952119625,41.54,6.4,0.094013,0.778261,155.81332200000003,629.1906882996161,1414.1946985992322,-1102.5680545992323,-2332.8937545382,-3227.300033035498,894.406278497298,431.2818350949611,0.8347184111107779
vechain,vet,VeChain,0.02997633,-0.8338,0.031043659329854274,0.028762428524766067,9.930797865999999,155.80614821650002,44.78223736365308,1016.6080591996697,49.99936392867656,49.97080026455569,1.59,41.54,6.4,0.071919,155.80614821650002,629.1925570561053,1414.1912623287108,-1102.5789658957106,-2179.2289818771874,-3017.6858228038363,838.456840926649,419.6920328170058,-0.9839698770053475
bittensor,tao,Bittensor,333.87,-0.67588,344.7895237164344,317.9658650126896,76.68599526599999,172.4291482165,141.14482490910206,951.5853868949392,52.74338796235315,50.94376000799602,0.02997633,1.59,41.54,0.094013,172.4291482165,629.2905063134737,1431.0101608434472,-1086.1518644104474,-2007.3707224126658,-2815.6228027256025,808.2520803129366,444.2602986850988,121.74632352941175
optimism,op,Optimism,1.92,1.28104,2.0103589566418716,1.838893454111566,75.789995266,171.35164821650002,94.73654993940139,861.1410643335165,50.00039061607641,50.00328049861625,333.87,0.02997633,1.59,6.4,171.35164821650002,629.577368977844,1430.506386172188,-1087.803089739188,-1876.3282601836227,-2627.7638942172066,751.4356340335839,467.9023364911486,-0.7209302325581395
bonk,bonk,Bonk,3.072e-05,0.30534,3.1645628797315736e-05,2.9777082336457195e-05,67.48200141,170.9851497525,63.157710199600935,779.1276325608006,49.978754277280395,49.97962211168737,1.92,333.87,0.02997633,41.54,170.9851497525,629.6800021215768,1430.3451539956536,-1088.3748544906534,-1752.4301661269806,-2452.6971485991617,700.2669824721811,467.9734278256956,-0.9999933506493507
sui,sui,Sui,0.837526,-0.07944,0.8650415491508512,0.8229707223758977,67.33150661,170.9770646025,42.38431546640063,705.0047652692958,49.95277763035798,32.62385170271364,3.072e-05,1.92,333.87,1.59,170.9770646025,629.6823006661419,1430.3416659347838,-1088.387536729784,-1635.3214869306148,-2289.2220162654526,653.9005293348378,467.71589714659257,-0.9997034676391446
arweave,ar,Arweave,31.95,-7.74589,33.518749955535895,30.380686476753606,73.715511344,164.37856460250003,38.90621031093376,640.9043114341248,50.21262703840377,50.233937827293275,0.837526,3.072e-05,1.92,0.02997633,164.37856460250003,630.451138144161,1425.280840890822,-1096.5237116858218,-1522.4516236863892,-2135.86793774964,613.4163140632509,469.8791788660154,0.1820199778024416
the-graph,grt,The Graph,0.210723,-2.33466,0.214872595386401,0.20290766427602008,6.983655944000001,164.38395335250001,26.00771454062251,579.8858744403987,11.192389226209315,49.99764513258792,31.95,0.837526,3.072e-05,333.87,164.38395335250001,630.4496605633161,1425.2832744791322,-1096.5153677741323,-1419.2028512336612,-1992.5349204464444,573.3320692127832,260.91933323991606,-0.7292386487309528
first-digital-usd,fdusd,First Digital USD,0.998188,-0.16987,1.0184621917068026,0.9879441444558152,6.799293543999999,164.39053185250003,17.67120569374834,524.7537138270275,48.45439351475905,49.93204001064143,0.210723,31.95,0.837526,1.92,164.39053185250003,630.4478652044916,1425.2862622614832,-1096.505198556483,-1322.0738687566388,-1858.4427101084834,536.3688413518446,61.107808411537725,12.87933647575745
rocket-pool-eth,reth,Rocket Pool ETH,3890.27,-0.43231,3960.7191560018964,3741.234148874481,784.8532874,358.81053185250005,1308.537470462499,845.2790744149295,91.33234388060708,68.12705053435504,0.998188,0.210723,31.95,3.072e-05,358.81053185250005,1042.5577824190138,2443.9260966905276,-1726.3050329855278,-920.6539929953632,-1670.8849666858596,750.2309736904964,342.06722107923014,41379.128280131474
renzo-restaked-eth,ezeth,Renzo Restaked ETH,3521.79,-0.396,3602.3319988577473,3418.040091042049,1489.0437822,534.7640318525,2046.2883136416658,1100.184876851603,84.7109793455981,65.86138237592512,3890.27,0.998188,0.210723,0.837526,534.7640318525,1254.6765955661795,3044.117222984859,-1974.589159279859,-625.0538738890036,-1461.7187481264884,836.6648742374848,375.7472455804843,549.2796874999999
floki,floki,FLOKI,0.00019609,-0.94918,0.0002007357638579087,0.00019235439567359108,1482.653821418,534.4200416570001,1364.1922744577773,995.4053834457359,49.999454215498936,49.9196077714762,3521.79,3890.27,0.998188,31.95,534.4200416570001,1254.8298746535684,3044.079790964137,-1975.2397076501366,-667.2757150846592,-1302.8301415181224,635.5544264334633,627.3019039195557,-0.9999952794896485
mantle-staked-ether,meth,Mantle Staked Ether,3599.95,-0.68716,3755.3971410778545,3491.8535035545115,2202.601676818,714.186541657,2109.444849638518,1243.4572516889991,64.7417675190844,59.88022027754977,0.00019609,3521.79,3890.27,0.210723,714.186541657,1421.411978189152,3557.010498035304,-2128.637414721304,-405.57574060883735,-1123.3792613362655,717.8035207274281,895.0813003936456,2263.1194968553455
lido-dao,ldo,Lido DAO,1.83,-4.01073,1.863030672612066,1.7812084724815094,2202.768039218,573.058041657,1406.9065664256786,1125.207037242428,49.8739469775222,50.00190783080962,3599.95,0.00019609,3521.79,0.998188,573.058041657,1338.5761122114047,3250.2102660798096,-2104.0941827658094,-482.9477179783921,-995.2929526646908,512.3452346862987,1149.5464723636305,60.048167003765975
bitget-token,bgb,Bitget Token,1.16,1.33856,1.1910962195147112,1.1426594942793376,1424.946039218,571.764541657,938.3243776171192,1018.1549384574349,49.99863162159607,49.62342220266262,1.83,3599.95,0.00019609,3890.27,571.764541657,1339.14390249905,3250.0523466551,-2106.5232633411,-538.1165581627625,-903.8576737643052,365.7411156015427,1146.7404778332414,-0.9965255937939916
thorchain,rune,THORChain,4.74,-1.79877,4.81517891214322,4.671436101542558,721.5360392179999,571.9626286069999,627.1295850780796,921.6392300329173,50.014986665539126,50.01080889266991,1.16,1.83,3599.95,3521.79,571.9626286069999,1339.0552866574753,3250.0732019219504,-2106.147944707951,-574.9220419748732,-838.0705474064189,263.1485054315457,1146.8900450718606,1.46875
notcoin,not,Notcoin,0.01535802,-4.83054,0.015972284479022873,0.014774000975250829,721.5390716039999,571.959800558,418.0915093920531,833.865527936449,48.91499479532735,49.998016093201166,4.74,1.16,1.83,0.00019609,571.959800558,1339.0565581038666,3250.072916765733,-2106.153315649733,-597.583323615531,-789.9731026482414,192.3897790327104,1122.6018792584741,498.93554687500006
theta-token,theta,Theta Network,1.56,-3.60202,1.6104643389506335,1.5440002141037674,1.861071604,572.0330999079999,279.24767292803546,754.5983347996444,49.99880434639097,49.99927754668779,0.01535802,4.74,1.16,3599.95,572.0330999079999,1339.0236465869232,3250.0803930818465,-2106.014193265846,-608.4046033342739,-753.6594027854479,145.254799451174,1098.999307813693,0.8626287422718817
ondo-finance,ondo,Ondo,1.046,-2.42425,1.0815928989065624,1.0109317609390858,1.704271604,571.7653999080001,186.51378195202366,682.8314457711068,50.00347426042471,49.996098691016,1.56,0.01535802,4.74,1.83,571.7653999080001,1339.143210523723,3250.0518209554457,-2106.521021139446,-609.9904309961463,-724.9256084275877,114.93517743144139,1098.9013862434174,-0.9672613458528951
whitebit,wbt,WhiteBIT Coin,10.15,0.19826,10.441879415767632,9.89943481563285,3.5022716040000006,570.195899908,127.72585463468246,618.7665461738586,50.03091505925488,50.00761908078266,1.046,1.56,0.01535802,1.16,570.195899908,1339.8155773256556,3249.8270545593114,-2109.435254743311,-603.5551856486545,-700.6515238718011,97.09633822314663,1099.5107339996043,47.16749951357944
fantom,ftm,Fantom,0.51861,0.61813,0.5288778663729868,0.5078290213044462,2.6579936040000005,570.142330408,85.32343975645499,559.8857903477768,49.89550669979813,49.99044706689227,10.15,1.046,1.56,4.74,570.142330408,1339.8395295014375,3249.821389410875,-2109.536728594875,-592.4035209957915,-679.0019232965992,86.59840230080772,1097.8650873584015,-0.4804485728139388
celestia,tia,Celestia,7.31,12.37037,7.621406424315519,6.958733841071469,4.116922,570.5063315915,59.31895983763667,507.2595246003695,50.02364068068461,42.44896352918501,0.51861,10.15,1.046,0.01535802,570.5063315915,1339.6774713462496,3249.861274283999,-2108.8486111009993,-576.3736612136819,-658.4762708800158,82.10260966633393,1096.1047805075864,-0.9981209530443902
coredaoorg,core,Core,1.57,1.48723,1.6236213963548656,1.5117106542039371,4.1189219999999995,553.8913315914999,40.06930655842445,459.09861749557246,50.00190351321522,49.91974547715567,7.31,0.51861,10.15,1.56,553.8913315914999,1344.8175272210265,3243.5263860335526,-2135.7437228505532,-557.7041851882263,-638.321853741658,80.6176685534316,1096.4612483757357,-0.9995542039701402
jasmycoin,jasmy,JasmyCoin,0.0290844,-0.13309,0.03008450161466339,0.028748423163826656,3.9155388800000006,553.7967858115001,26.722565838949635,415.3777095817084,32.527049013154866,49.99763477522695,1.57,7.31,0.51861,1.046,553.7967858115001,1344.858441153286,3243.513668118072,-2135.9200964950724,-536.8444216242572,-618.0263673181778,81.18194569392062,813.7341257739456,147.3216890203478
aave,aave,Aave,94.2,-4.22956,97.45776337335975,91.59979264772588,20.72553888,558.5067842755,49.21504389263309,384.7893562882124,34.21610534320989,50.295428199371074,0.0290844,1.57,7.31,10.15,558.5067842755,1342.980483182079,3244.4677506396583,-2127.454182088658,-506.87120708468854,-595.79533527148,88.92412818679145,786.9626093464749,-0.9738329699023598
based-brett,brett,Brett,0.140308,-2.68418,0.14515408660440654,0.13400321565892806,20.649878480000005,558.4719233755,32.856798595088726,348.15611359409695,50.000942861667355,50.00014444774877,94.2,0.0290844,1.57,0.51861,558.4719233755,1342.9957299349871,3244.4633832454742,-2127.5195364944743,-485.1149465413265,-573.6592575254493,88.54431098412283,542.125194284956,-0.9233289617486339
jupiter-exchange-solana,jup,Jupiter,1.02,-0.18394,1.0655624591836372,0.9892219155081504,19.391878480000003,556.9254233755,22.24453239672582,315.0955313470401,3.0297175678091293,49.983207859868415,0.140308,94.2,0.0290844,7.31,556.9254233755,1343.6515948728668,3244.2286131212336,-2130.3777663702335,-462.4708929470534,-551.4215846097702,88.95069166271679,273.94864496147954,-0.1206896551724137
pyth-network,pyth,Pyth Network,0.356868,-0.75608,0.3705786163108451,0.3407976465002647,19.149252080000004,556.9327306255001,14.948644264483882,285.1204205520839,49.68470866316192,49.87118132149749,1.02,0.140308,94.2,1.57,556.9327306255001,1343.6484083082044,3244.2295472419087,-2130.3640859909087,-439.51240116866785,-529.0397479215497,89.5273467528819,16.985102877621095,-0.9247113924050633
algorand,algo,Algorand,0.152839,-3.0524,0.1561583003506191,0.145920208454028,19.174003000000006,556.8904631754999,10.016709176322589,257.98065088045684,49.78400863430733,49.99549343027944,0.356868,1.02,0.140308,0.0290844,556.8904631754999,1343.666830065317,3244.224123306134,-2130.443196955134,-416.53256632043224,-506.53831160132626,90.00574528089402,16.951074826608615,8.951738570466766
sei-network,sei,Sei,0.388337,-0.96182,0.40197035157607397,0.36940658685467154,0.4116704000000029,362.3963800255,6.80725178421506,233.44804955850856,49.05317919378825,50.001123820857735,0.152839,0.356868,1.02,94.2,362.3963800255,1094.1251483899707,2550.6466768054415,-1825.8539167544413,-393.762826170727,-483.98321451520644,90.22038834447943,16.707785715139533,-0.7510660256410256
ether-fi-staked-eth,eeth,ether.fi Staked ETH,3470.28,-0.45487,3637.522273096756,3395.4938747399037,694.4396088000001,359.8208800255,1161.2981678561434,541.7177591243649,96.95929521933456,58.219145256343324,0.388337,0.152839,0.356868,0.140308,359.8208800255,1086.3295722611642,2532.4800245478286,-1812.8382644968285,-94.63548597171882,-406.11366880650894,311.4781828347901,276.1655507221204,3316.6673040152964
mantra-dao,om,MANTRA,1.31,-2.3449,1.3720747849192563,1.2558014702480647,694.4976088000001,359.886370221,774.6354452374289,490.25035349347297,49.99825477403851,49.99862717267207,3470.28,0.388337,0.152839,1.02,359.886370221,1086.30677775525,2532.4999257315003,-1812.7271852895,-135.92494324062454,-352.0759236933321,216.15098045270753,523.8390573086061,-0.870935960591133
quant-network,qnt,Quant,73.62,-1.03595,74.96355057960905,72.40085008791348,709.1502352,183.569870221,540.963630158286,450.57127220838026,50.501604027221276,50.16516115437779,1.31,3470.28,0.388337,0.356868,183.569870221,774.0315456240083,1731.6329614690167,-1364.4932210270167,-160.95691183317894,-313.8521213213014,152.89520948812248,529.0608060472167,140.95638340949847
gatechain-token,gt,Gate,7.83,-0.66648,7.964349698771237,7.724623633118813,710.6856674,183.869870221,363.2524201055241,408.40543675996315,49.98408970840652,50.01564153255393,73.62,1.31,3470.28,0.152839,183.869870221,773.9585586742758,1731.7869875695515,-1364.0472471275516,-183.9827913648591,-287.87825533001296,103.89546396515385,533.0964844008678,0.07113543091655283
elrond-erd-2,egld,MultiversX,37.02,2.84473,37.699952642188244,36.421578639301046,718.0120000000001,185.66287022100002,254.50828007034943,373.0353951637762,50.249652588234525,50.01134210742744,7.83,73.62,1.31,0.388337,185.66287022100002,773.5544362529523,1732.7717427269047,-1361.4460022849046,-197.59779337555034,-269.82216293912046,72.22436956357012,534.54132594826,22.579617834394906
beam-2,beam,Beam,0.01908634,1.84947,0.019289000923040422,0.01818493721848434,23.959817268000002,185.426824538,169.67854882689963,337.51003241865465,49.95033874939495,49.99957139013554,37.02,7.83,73.62,3470.28,185.426824538,773.613267529618,1732.653359597236,-1361.7997105212362,-208.9646308738919,-257.6506565260747,48.68602565218282,536.6769701367218,-0.3437602288512055
flow,flow,Flow,0.629108,-2.55302,0.6401022849313384,0.6019695745329904,23.823638868,185.45751203700001,113.3287352179331,305.4261348549732,49.99358673650649,49.9991745181512,0.01908634,37.02,7.83,1.31,185.45751203700001,773.6055377103422,1732.6685874576845,-1361.7535633836844,-215.44024677722055,-249.20857457630393,33.76832779908338,536.307164893803,-0.9933215711252654
msol,msol,Marinade Staked SOL,213.86,3.57355,216.62807911584667,206.41235006089002,51.871638868000005,196.07251203700002,146.8391568119554,296.705550583071,51.41662293887967,40.159179225593526,0.629108,0.01908634,37.02,73.62,196.07251203700002,772.4049889940521,1740.8824900251043,-1348.7374659511042,-201.04870378664071,-239.5766004183713,38.527896631730584,551.6255734323038,1523.218148644411
kucoin-shares,kcs,KuCoin,9.86,-0.07183,10.100774110618486,9.43894322710646,52.277638868,196.513212037,101.17943787463695,269.38692671801664,49.44926466885927,40.51593941812785,213.86,0.629108,0.01908634,7.83,196.513212037,772.2903649585074,1741.0939419540148,-1348.067517880015,-203.7556293206692,-232.41240619883087,28.65677687816168,559.2678861322704,8.666666666666666
gala,gala,GALA,0.02532281,-0.60114,0.025976801868761137,0.024778154127964098,44.87870343,196.0069781775,67.46139951975798,243.73344063153885,49.99924080240945,50.00008373925395,9.86,213.86,0.629108,37.02,196.0069781775,772.422262029781,1740.851502237062,-1348.837545882062,-204.33897110384623,-226.79771917983393,22.4587480759877,553.2514022080942,-0.9290415223556049
axie-infinity,axs,Axie Infinity,6.18,-2.09594,6.436917275055442,5.994911310084475,46.110886162,196.2900476775,47.034266346505326,221.10930342853516,50.034045538266206,34.25050129296615,0.02532281,9.86,213.86,0.01908634,196.2900476775,772.3478846549768,1740.9858169874537,-1348.4057216324536,-201.97638462133432,-221.833452268134,19.857067646799692,553.6432836370849,39.43470580152971
bitcoin-cash-sv,bsv,Bitcoin SV,45.63,-2.62693,46.712284232460306,43.98112840754952,55.111064562,198.2060476775,46.56617756433689,204.3969888162937,50.297189776792266,50.27896359303239,6.18,0.02532281,9.86,0.629108,198.2060476775,771.9018008895926,1742.009649456685,-1345.597554101685,-194.67662159804053,-216.4020861341153,21.72546453607478,556.489932342725,116.50103647090029
kelp-dao-restaked-eth,rseth,Kelp DAO Restaked ETH,3538.79,-0.09293,3594.5447786776526,3428.214686205723,720.097064562,375.0670476775,1210.6407850428911,521.9582279766466,65.92570583381323,65.59392242319316,45.63,6.18,0.02532281,213.86,375.0670476775,1071.5471980410705,2518.161443759641,-1768.027348404641,91.91774113072859,-154.73812068114654,246.65586181187513,809.9687774060183,0.019741922841960857
flare-networks,flr,Flare,0.01995595,-1.36687,0.020623732730893424,0.019329854669892784,718.129055752,375.066591255,807.1005086785941,472.249821116966,49.99874258627813,49.984137682737014,3538.79,45.63,6.18,9.86,375.066591255,1071.5473661970648,2518.1613236491294,-1768.0281411391295,33.114942134969624,-117.1675081179233,150.28245025289294,1062.7203158912864,-0.9847664503816794
eos,eos,EOS,0.588861,-3.20008,0.5966628663109269,0.5729164894410917,718.24176339,370.386034305,538.2632927857295,427.329729677255,34.481265393079454,50.00192786927658,0.01995595,3538.79,45.63,0.02532281,370.386034305,1073.0421774753545,2516.470389255709,-1775.698320645709,-13.287622397718735,-96.3915309738824,83.10390857616366,802.9662280926832,-0.9920013447432763
tokenize-xchange,tkx,Tokenize Xchange,11.04,-1.03719,11.343413422923437,10.579151026612676,719.2137633899999,370.93101890500003,362.5221951904864,387.68308875561166,50.063013879892246,50.03184859401588,0.588861,0.01995595,3538.79,6.18,370.93101890500003,1072.8469874845616,2516.6249938741234,-1774.7629560641233,-48.657773009964956,-86.84477938109892,38.18700637113396,555.9469676564812,0.4099616858237547
bittorrent,btt,BitTorrent,8.89884e-07,-0.87979,9.000785430706571e-07,8.500108315904488e-07,710.0877635679768,370.8800189494942,241.6814637569523,350.76088991125664,49.51940472687628,49.996488390666435,11.04,0.588861,0.01995595,45.63,370.8800189494942,1072.8655215365939,2516.611062022682,-1774.8510241236936,-76.69560862652082,-84.8149452301833,8.119336603662475,551.474571125794,-0.9999999759620746
popcat,popcat,Popcat,0.877604,-4.688,0.8974340273787234,0.8358669396404691,2.5052843679767998,370.90605574949416,161.41351050463487,317.4386722054227,49.95422645659387,49.96885367582437,8.89884e-07,11.04,0.588861,3538.79,370.90605574949416,1072.8560625206362,2516.6181807907665,-1774.8060692917784,-97.7185415979269,-87.39566450373202,-10.32287709419488,546.8318608951236,44.980738056641556
akash-network,akt,Akash Network,3.54,0.84294,3.6059109761533503,3.3882367114253995,3.2092931779767992,371.0754137994942,108.78900700308994,287.543560566811,49.77879998050781,50.0101537155462,0.877604,8.89884e-07,11.04,0.01995595,371.0754137994942,1072.7947217285043,2516.6648572565027,-1774.5140296575146,-112.8635139989097,-92.48923440276755,-20.374279596142145,544.8931719189783,4.627014757402544
ethereum-name-service,ens,Ethereum Name Service,26.02,-0.6895,26.320477281709962,25.340093474147622,8.2955209779768,372.3569969494942,81.19933800205996,262.6365547985433,50.172116471366714,50.06281079423354,3.54,0.877604,8.89884e-07,0.588861,372.3569969494942,1072.3437995683498,2517.044596086194,-1772.3306021872054,-121.64976287148698,-98.32134009651143,-23.32842277497555,543.8773620774731,-0.8783316188160479
dydx-chain,dydx,dYdX,1.41,-0.81102,1.4356705268291226,1.3613158818190447,6.3695209779768,198.9134969494942,54.60289200137331,237.7578352939201,50.005152844656386,49.999463548337715,26.02,3.54,0.877604,11.04,198.9134969494942,787.6455605775324,1774.204618104559,-1376.3776242055706,-129.11044488992798,-104.47916105519475,-24.631283834733225,545.5943383755623,-0.8569979716024341
ordinals,ordi,ORDI,40.34,-0.52576,41.16125628441419,38.89842484053969,14.437520800000001,200.8649969494942,49.84859466758221,218.95613669449915,48.828041013769344,50.13481734920941,1.41,26.02,3.54,8.89884e-07,200.8649969494942,787.1784154659947,1775.2218278814837,-1373.491833982495,-130.37883741275294,-109.65909632670639,-20.719741086046554,533.0052158876028,1592.0301573956444
helium,hnt,Helium,5.01,10.20823,5.197173649694683,4.800295426619018,15.264000000000001,197.4344969494942,34.90239644505481,198.5803141521659,49.96647922420525,49.70053094511681,40.34,1.41,26.02,0.877604,197.4344969494942,787.9112901480303,1773.2570772455547,-1378.3880833465664,-132.70514109972123,-114.26830528130937,-18.436835818411865,520.9422621590663,-0.1893203883495146
neo,neo,NEO,11.55,-2.30301,11.93674203650519,11.258462647276673,16.866000000000003,197.6204969494942,27.118264296703213,180.76790328053104,50.07968910055579,50.03853627044155,5.01,40.34,1.41,3.54,197.6204969494942,787.8646126926897,1773.3497223348736,-1378.108728435885,-132.49372500148016,-117.91338922534354,-14.580335776136621,520.7345136012543,-0.7468770545693623
mog-coin,mog,Mog Coin,2.2e-06,3.90958,2.307947583180126e-06,2.1426388814524324e-06,11.662000440000002,195.7694970594942,18.078843597802145,163.55191270143285,49.95729934326541,49.99655743556897,11.55,5.01,40.34,26.02,195.7694970594942,788.3051482051254,1772.379793469745,-1380.8407993507567,-131.73955295412344,-120.67862197109952,-11.060930983023923,521.1015424149905,-0.9999999993783186
ethena,ena,Ethena,0.460616,-4.52668,0.4659421832689003,0.438666989607663,11.472123640000003,195.79157354249418,12.20610106520143,148.01940825367734,49.686211747665475,50.00035016159557,2.2e-06,11.55,5.01,1.41,195.79157354249418,788.2993838512126,1772.3903412449195,-1380.807194159931,-129.61062785087677,-122.46502314705498,-7.145604703821789,518.2396606829054,22.081637306166833
tezos,xtz,Tezos,0.782025,-1.40828,0.8207213328916444,0.7693877067411042,3.560528640000002,195.7992193924942,8.39807571013429,133.9968003247557,2.248346472598854,50.00212355927841,0.460616,2.2e-06,11.55,40.34,195.7992193924942,788.2973920492313,1772.394003490957,-1380.7955647059684,-126.43998293122904,-123.2600151038898,-3.17996782733924,264.7714697297082,0.3280298746223642
ronin,ron,Ronin,2.29,-1.88202,2.351772077876234,2.229516275190954,3.0165286400000015,185.22071939249417,6.362050473422861,121.45329553192182,50.678313373649985,50.00641773222967,0.782025,0.460616,2.2e-06,5.01,185.22071939249417,789.4609860321259,1764.142691456746,-1393.7012526717576,-122.39465363029447,-123.08694280917074,0.6922891788762655,12.11426093917577,-0.792572463768116
the-sandbox,sand,The Sandbox,0.333275,-2.81886,0.3406741630451361,0.31865937263007377,0.7731836400000014,184.7443831424942,4.352458648948574,109.91805548126261,49.92425638776845,34.71087095583228,2.29,0.782025,0.460616,11.55,184.7443831424942,789.5752278459997,1763.8948388344936,-1394.4060725495053,-117.98651724203752,-122.06685769574409,4.080340453706569,12.213877632822841,374514.1053395723
starknet,strk,Starknet,0.583915,-2.61177,0.5992636580663818,0.5703468215057202,0.8899662000000014,184.7723127519942,3.096277432632383,99.50528019733284,46.70191167774748,49.99539229952901,0.333275,2.29,0.782025,2.2e-06,184.7723127519942,789.5683597386834,1763.909032229361,-1394.3644067253726,-113.16827936243975,-120.28714202908323,7.11886266664348,11.464694506761623,-0.33464865702526436
usdd,usdd,USDD,1.0,0.1301,1.0498889732976613,0.9586353199171305,0.9978430000000014,184.5133127519942,2.397518288421589,90.12382494044401,50.33808094472704,49.53491319385108,0.583915,0.333275,2.29,0.460616,184.5133127519942,789.6308733382085,1763.7750594284112,-1394.748433924423,-108.07044769765588,-117.84380316279777,9.77335546514189,10.709406994140803,-0.7175141242937852
fasttoken,ftn,Fasttoken,2.28,-0.48538,2.350794865028282,2.205233738851384,1.2974380000000014,182.3458127519942,2.358345525614393,81.75774637468744,50.47283726397312,49.964159487013916,1.0,0.583915,0.333275,0.782025,182.3458127519942,790.0915287097396,1762.5288701714733,-1397.837244667485,-102.74273972441887,-114.823590475122,12.080850750703135,10.741789974678913,-0.9123750960799385
coinbase-wrapped-staked-eth,cbeth,Coinbase Wrapped Staked ETH,3741.43,-0.44147,3791.1923688068246,3622.6583858356626,749.1254379999999,192.4778127519942,1248.7155636837429,430.29796100566955,98.10937407892908,66.1727979232272,2.28,1.0,0.583915,2.29,192.4778127519942,835.3996009590054,1863.277014670005,-1478.3213891660166,200.88201996657216,-51.68246838678317,252.56448835335533,281.18350867686974,2652.496453900709
nexo,nexo,NEXO,1.26,0.43691,1.3023907556100456,1.201227569074622,749.310783,192.5398149544942,832.8970424558286,389.4372028146534,49.837158260550616,50.00409386711346,3741.43,2.28,1.0,0.333275,192.5398149544942,835.384611098707,1863.3090371519081,-1478.2294072429197,138.11427305818546,-13.723120097789447,151.8373931559749,546.7155297589564,-0.9687654933068914
conflux-token,cfx,Conflux,0.16605,-1.62299,0.17426576889721243,0.16346482987217298,749.2272099999999,192.51867440449422,555.3200449705524,352.36375968944833,49.99179339627435,49.99847238575041,1.26,3741.43,2.28,0.583915,192.51867440449422,835.3897296764984,1863.298133757491,-1478.2607849485025,87.27604487573791,6.476712896916023,80.79933197882188,545.0325191198099,-0.9668562874251497
ecash,xec,eCash,3.531e-05,-2.2221,3.665532408907704e-05,3.477044827425232e-05,749.0272170619999,191.9666761699942,370.2133750837017,318.80530974854844,49.73250046454422,49.28442298129334,0.16605,1.26,3741.43,1.0,191.9666761699942,835.519593509416,1863.0058631888262,-1479.072510848838,46.43768208087738,14.468906733708295,31.968775347169085,542.2050019016053,-0.9999969428571429
worldcoin-wld,wld,Worldcoin,2.43,-4.42486,2.463851146022944,2.3281541293424106,749.057217062,192.08817612549998,247.61891672246782,288.6743278677343,49.982816709890514,49.97479922959278,3.531e-05,0.16605,1.26,2.28,192.08817612549998,835.4903849512995,1863.068946028099,-1478.892593777099,14.106452777201753,14.396415942406987,-0.2899631652052346,539.8424384203655,1104544.4545454546
zksync,zk,ZKsync,0.185623,-5.78638,0.1904940274876887,0.17823404277678276,0.8083416619999999,192.05357707550002,165.14115214831187,261.19921311842626,49.924267756864346,50.0005439797239,2.43,3.531e-05,0.16605,3741.43,192.05357707550002,835.4987343414451,1863.0510457583903,-1478.9438916073902,-11.564078349919612,9.204317083941667,-20.76839543386128,539.5085115575597,-0.5970113934383521
frax-ether,frxeth,Frax Ether,3473.28,-0.78094,3527.163972239672,3315.894639597303,695.212341662,365.5405770755,1267.854101432208,567.1116690119095,65.83869146675542,59.52449644965874,0.185623,2.43,3.531e-05,1.26,365.5405770755,1109.5769524086547,2584.6944818928096,-1853.6133277418094,245.5114282296853,56.465739313090396,189.04568891659488,790.6105366562962,4440.392538601707
gnosis,gno,Gnosis,257.65,-1.92415,265.34353197305074,253.18352211743277,746.7091316620001,377.1220770755,931.1194009548053,537.6391291060133,50.90689215956468,50.49590351662687,3473.28,0.185623,2.43,0.16605,377.1220770755,1107.0525776638683,2591.2272324032365,-1836.9830782522367,187.60851824812568,82.69429510009746,104.91422314802821,1020.584146506246,111.51091703056767
cat-in-a-dogs-world,mew,cat in a dogs world,0.00732853,31.62047,0.007602221181873042,0.007129004163077932,746.710590306,377.051943502,620.748710146537,486.43610047972635,49.99731698167554,40.246786895999996,257.65,3473.28,0.185623,3.531e-05,377.051943502,1107.0776765137807,2591.2072965295615,-1837.1034095255613,119.55230993165452,90.06589806640888,29.486411865245643,1038.9614869107422,-0.9780105618483235
zebec-protocol,zbc,Zebec Protocol,0.01280557,-4.52155,0.013270510016971618,0.012333155428786099,746.2271514199999,375.0355837805,413.836741954358,440.1100723930857,49.99211253627156,49.99997551719374,0.00732853,257.65,3473.28,2.43,375.0355837805,1107.7597335773758,2590.5550509352515,-1840.4838833742515,64.86993622898729,85.02670569892456,-20.156769469937274,1038.8497865466095,-0.9780694621648699
pendle,pendle,Pendle,4.14,-6.39011,4.184506027676995,4.027084855713281,747.01802682,374.99208378049997,277.27116130290534,398.5891131175538,50.01318327989194,50.012156090740056,0.01280557,0.00732853,257.65,0.185623,374.99208378049997,1107.7750456360175,2590.5421750525347,-1840.558007491535,21.617597000755268,72.34488395929071,-50.727286958535444,1039.006955105917,3.1399999999999997
frax,frax,Frax,0.995633,-0.10978,1.038945441872381,0.9739473308880213,52.56115342,374.46436543050004,185.17931853527023,360.72306739207244,50.001425557654954,49.96559939018192,4.14,0.01280557,0.00732853,3473.28,374.46436543050004,1107.959791930154,2590.3839492908082,-1841.4552184298082,-12.766750440175883,55.3225570793974,-68.08930751957328,1039.2141025352773,-0.5633188596491228
decentraland,mana,Decentraland,0.346381,-1.98971,0.3547686463067513,0.33818630944052186,1.1004296199999999,374.48168437050003,123.56833935684683,326.40147821187503,49.9977369060277,50.00118715036081,0.995633,4.14,0.01280557,257.65,374.48168437050003,1107.953633152249,2590.3889506749983,-1841.425581933998,-39.61235613959286,36.33557443559935,-75.9479305751922,1039.2277791579388,-0.9999074201575333
chiliz,chz,Chiliz,0.072439,-2.23198,0.07533436810196799,0.07109104416175119,1.113451714,374.4622755205,82.4030392378979,295.32252209645833,49.99235599627518,49.99724033959857,0.346381,0.995633,4.14,0.00732853,374.4622755205,1107.9605333791387,2590.3833422787775,-1841.4587912377774,-60.21566815891279,17.02532591669692,-77.2409940756097,1039.1509573787112,-0.9425087301587302
mina-protocol,mina,Mina Protocol,0.566678,0.56677,0.5761475515272713,0.5459311634628125,1.2242262,374.4515081705,55.12425215859861,267.25053694441465,32.52123468267743,49.9898075814451,0.072439,0.346381,0.995633,0.01280557,374.4515081705,1107.9643570385085,2590.380222247517,-1841.4772059065172,-75.6322192719536,-1.5061831210331835,-74.12603615092041,768.550338789047,2.4126949713941586
raydium,ray,Raydium,2.41,-0.79747,2.5202800001942447,2.3179359709622944,0.8782262,374.45750817050003,37.55283477239908,242.02762866399422,50.008258125568595,49.91895127602735,0.566678,0.072439,0.346381,4.14,374.45750817050003,1107.9622359089158,2590.3819799883318,-1841.4669636473316,-86.70176247137925,-18.5452989911024,-68.15646348027686,501.5306837582806,68251.61965448882
oasis-network,rose,Oasis Network,0.093045,0.10743,0.09610280192613824,0.09178538947954769,0.6977086000000001,374.4454966705,25.066238181599388,218.98623974361382,49.99947584471263,49.99547220920811,2.41,0.566678,0.072439,0.995633,374.4454966705,1107.9665065800166,2590.3785098305334,-1841.4875164895332,-94.57125554817856,-33.75049030251763,-60.82076524566092,501.6179465754514,-0.9617098765432098
book-of-meme,bome,BOOK OF MEME,0.00902698,-0.84304,0.009344831312889027,0.00887814581499646,0.6302377960000001,374.4167522695,16.71383444773293,198.13126709946013,50.000064558412085,49.860967697215344,0.093045,2.41,0.566678,0.346381,374.4167522695,1107.9767237109486,2590.3701996913974,-1841.5366951523972,-99.66577998831272,-46.933548239676654,-52.73223174863607,501.61210026292525,-0.9513692807464592
havven,snx,Synthetix Network,1.84,-2.54663,1.8671781562656162,1.7903020828198506,0.983749996,374.4587522695,11.755889631821953,179.43686070903536,49.99576355231742,49.989046813293854,0.00902698,0.093045,2.41,0.072439,374.4587522695,1107.9618394434626,2590.3824311564254,-1841.4649266174251,-102.37536362513221,-58.02191131676777,-44.35345230836444,501.56883850151405,-0.9994702413856643
wormhole,w,Wormhole,0.333992,-0.90991,0.34817249889158985,0.32017472705492894,0.9372127960000001,374.3614518695,7.948590421214636,162.37944464150817,50.00106546468318,49.96123224560014,1.84,0.00902698,0.093045,0.566678,374.3614518695,1107.9963290565818,2590.3541099826634,-1841.6312062436637,-103.45172336765309,-67.10787372694483,-36.34384964070826,501.5165570240656,-0.9987036988162236
tether-gold,xaut,Tether Gold,2400.24,0.00934,2491.0352841548647,2357.820675495793,480.50321279599996,307.3019518695,805.3790602808097,375.5090213423169,40.89015788046243,57.120684964890145,0.333992,1.84,0.00902698,2.41,307.3019518695,917.7362077133939,2142.774367296288,-1528.1704635572878,88.32940537387788,-36.02041790678029,124.34982328065817,427.4967672322936,327518.98013244127
dexe,dexe,DeXe,10.21,-1.93922,10.694198880341196,10.011938571824322,482.5266037959999,307.7494518695,540.3227068538731,340.7186383573343,47.556801804158944,50.025331542054595,2400.24,0.333992,1.84,0.093045,307.7494518695,917.5812924965059,2142.9120368625117,-1527.4131331235117,46.92100874261155,-19.43213257690192,66.35314131951347,368.22045177126563,796.3092958767162
sats-ordinals,sats,SATS (Ordinals),2.74616e-07,-6.68718,2.8018935797957377e-07,2.7002988081218e-07,482.52479845492314,307.7411493832308,360.21513799412077,308.2692442542183,49.99992392427676,49.997969131399365,10.21,2400.24,0.333992,0.00902698,307.7411493832308,917.5842228064872,2142.909594996205,-1527.4272962297437,13.12934748654476,-12.919836564212584,26.049184050757344,350.5466752522751,-0.9999999336676328
iota,iota,IOTA,0.172666,-3.24951,0.17551619619543082,0.16479658007556675,482.19133165492315,307.7497809177308,240.2009806627472,278.9267129919118,50.00165947760828,49.99450103654781,2.74616e-07,10.21,2400.24,1.84,307.7497809177308,917.5811763921225,2142.912133701976,-1527.4125718665143,-13.481449080560083,-13.032159067482086,-0.4492900130779969,350.55878767667247,-0.8265766602754228
sweth,sweth,Swell Ethereum,3692.33,-0.51527,3798.513689026455,3541.81843070564,1220.5905332549232,492.2447809177308,1390.9106537751647,604.0127403260154,71.68345203819631,58.04625851174403,0.172666,2.74616e-07,10.21,0.333992,492.2447809177308,1184.961560122637,2862.1679011630044,-1877.678339327543,260.35434035638696,41.645140817291725,218.70919953909524,621.5708821458709,10658.735955494094
aioz-network,aioz,AIOZ Network,0.517763,11.66995,0.5355097660405002,0.4950448409481508,740.6460858549232,492.2613879177308,927.44635685011,546.5370281997282,49.99804043814515,49.99987581231792,3692.33,0.172666,2.74616e-07,2400.24,492.2613879177308,1184.9543033636564,2862.1699946450435,-1877.647218809582,177.4275087260021,68.8016143990338,108.6258943269683,885.0472323237237,6.14757244026008
layerzero,zro,LayerZero,5.14,-3.70731,5.373686653287225,4.987544874277241,739.6320858549232,318.85438791773083,620.0109045667401,494.97540646642074,50.01965039289229,50.00777082811777,0.517763,3692.33,0.172666,10.21,318.85438791773083,957.7284761940597,2234.31134030585,-1596.6025644703886,110.8031038905039,77.20191229732782,33.60119159317608,885.3471235353471,8.070406827157573
paypal-usd,pyusd,PayPal USD,0.998742,-0.04729,1.0091334428712537,0.9563006767928385,739.8318342,306.02182501773075,413.67351704449345,447.93000985057114,50.00379597303058,49.99759532213434,5.14,0.517763,3692.33,2.74616e-07,306.02182501773075,960.3076697018748,2226.6371644214805,-1614.5935143860188,57.01142591522171,73.16381502090661,-16.152389105684904,885.6262956330164,-0.5855842323651452
klay-token,klay,Klaytn,0.152465,-3.2664,0.15858729919480188,0.14849064773378523,739.827794,306.0290818412308,275.83316636299566,405.284529388612,49.99830261155203,41.83221519699672,0.998742,5.14,0.517763,0.172666,306.0290818412308,960.305236056702,2226.6395539546347,-1614.5813902721734,14.149736733274494,61.36099936338019,-47.21126263010569,885.6510486902118,0.6386157235746144
apecoin,ape,ApeCoin,0.829776,-0.30099,0.8506463599331139,0.8212729904563199,1.5277492,306.06993036273076,184.16536957533046,366.76502906588706,49.99352383843134,49.99887747070433,0.152465,0.998742,5.14,3692.33,306.06993036273076,960.2915512086468,2226.653032780024,-1614.5131720545628,-19.538578833587565,45.18108372398664,-64.7196625575742,885.5613757873361,90.92177228707718
safe,safe,Safe,1.29,-1.49729,1.3092582854732402,1.264656266480603,1.6821965999999997,305.9274303627308,123.20691305022032,331.9578834405645,50.00490617396988,50.00293267815514,0.829776,0.152465,0.998742,0.517763,305.9274303627308,960.3389237278773,2226.6052778184853,-1614.7504170930238,-45.67318337362377,27.010230304464557,-72.68341367808833,885.4300377641185,-0.29891304347826086
nervos-network,ckb,Nervos Network,0.01226382,0.72173,0.01245620578042212,0.0119635428177805,0.656649364,305.87826190373073,82.14202997348023,300.3440149052727,50.00001326611806,50.0000319055151,1.29,0.829776,0.152465,5.14,305.87826190373073,960.3553826808292,2226.589027265389,-1614.8325034579275,-65.73044869571908,8.46209450442783,-74.1925432001469,885.5153141643326,-0.9632810965532108
astar,astr,Astar,0.077208,-2.89913,0.0792397819775073,0.07558189359700002,0.472342564,305.86480325373077,54.787089315653496,271.74717615238956,49.992774189501525,49.99386055161208,0.01226382,1.29,0.829776,0.998742,305.86480325373077,960.3598917109463,2226.5845866756235,-1614.8549801681618,-80.69058468362033,-9.368441333181803,-71.32214335043852,885.3873730775978,-0.9999678332166784
livepeer,lpt,Livepeer,16.17,-4.54925,16.587571905132425,15.493633640545779,3.675849564000001,306.6696813037308,41.91472621043567,247.40649270930484,50.06483539641215,50.04168000552754,0.077208,0.01226382,1.29,0.152465,306.6696813037308,960.0968279829897,2226.86333726971,-1613.5239746622485,-90.20818263786074,-25.53638959411759,-64.67179304374315,886.4581258370398,0.5837414299706172
staked-frax-ether,sfrxeth,Staked Frax Ether,3789.87,-0.51216,3842.8538360730695,3721.1634599286817,761.483894364,496.13484740373076,1291.2331508069572,584.7839695941329,55.11409868121541,50.81278127087929,16.17,0.077208,0.01226382,0.829776,496.13484740373076,1231.921410924397,2959.9776692525247,-1967.707974445063,204.39892076138528,20.450672476982987,183.9482482844023,981.8854504026258,13800616132.073092
axelar,axl,Axelar,0.73066,-3.20965,0.7623750845225135,0.7065870792905022,761.372026364,496.05088040373073,861.0656538713049,529.1598448708821,49.96837136071843,49.35927874637122,3789.87,16.17,0.077208,1.29,496.05088040373073,1231.9568907813496,2959.96466196643,-1967.8629011589683,130.6195937863058,42.484456738847555,88.13513704745826,1081.8094040806639,3.231637959992124
1inch,1inch,1inch,0.421147,-1.1437,0.4263534668027691,0.4063811692056449,761.453803,496.06728550373083,574.1841515808701,478.80377840698856,50.00140612153271,50.00104542404087,0.73066,3789.87,16.17,0.01226382,496.06728550373083,1231.9499410302076,2959.967167564146,-1967.8325965566844,71.30204490513182,48.24797437210441,23.054070533027414,1081.1032811592943,-0.9998859400432789
aerodrome-finance,aero,Aerodrome Finance,0.935803,-2.46495,0.9509507397521977,0.9162805532310055,761.6255219999999,496.1136243047307,383.1013687205801,433.29254265394206,50.002547897914816,50.0023316960197,0.421147,0.73066,3789.87,0.077208,496.1136243047307,1231.9303174298489,2959.9742591644285,-1967.747010554967,24.056678084780287,43.40971511463959,-19.3530370298593,1081.1285874320208,0.8073964342759141
true-usd,tusd,TrueUSD,0.998986,-0.11681,1.0480246215216233,0.9794433095770453,758.5913192,496.07157360473076,255.73390781372012,392.12172773451897,33.64311390600355,49.99206347304951,0.935803,0.421147,0.73066,16.17,496.07157360473076,1231.9480911626881,2959.967755930107,-1967.8246087206455,-13.228032638683544,32.08216556397496,-45.310198202658505,809.8265301888113,-0.8056447470817121
pancakeswap-token,cake,PancakeSwap,2.05,-0.18447,2.0849685707013488,1.948856266255719,1.0273192,496.1573740047308,171.17260520914678,354.9720393788505,50.0100898523242,50.002664393547235,0.998986,0.935803,0.421147,3789.87,496.1573740047308,1231.9118070194763,2959.9809880436833,-1967.6662400342218,-42.20511220107045,17.22471001096588,-59.42982221203633,546.2016035753577,1.0525821483426148
terra-luna,lunc,Terra Luna Classic,8.864e-05,-1.13639,9.18672650042934e-05,8.433116498597516e-05,0.881204928,376.14537843673077,114.11509968609786,321.1651869275314,49.96614197290159,49.99912497847576,2.05,0.998986,0.935803,0.73066,376.14537843673077,1150.9060762081747,2677.9575308530802,-1925.6667739796185,-64.59050806697388,0.8616663953779273,-65.4521744623518,546.001174433611,-0.9994186206670383
illuvium,ilv,Illuvium,71.73,-7.07062,72.89159833587168,69.90264896002965,15.142975528,379.2213784367308,99.98673312406525,297.40945483919506,50.46181426064914,50.180414888698365,8.864e-05,2.05,0.998986,0.421147,379.2213784367308,1149.9583954653174,2679.1381693673657,-1920.6954124939039,-75.67080525436864,-14.444827934571387,-61.22597731979726,550.9088751745156,85.44501648637706
iotex,iotx,IoTeX,0.050673,-6.18616,0.052582300412861036,0.05004652879016618,14.965949528000001,379.223912073,66.67471308271018,269.0895708545098,49.99934147687814,49.99870547537978,71.73,8.864e-05,2.05,0.935803,379.223912073,1149.9575160299116,2679.1389441328233,-1920.6911199868232,-89.20761340683612,-29.397385029024335,-59.81022837781178,555.9681396115831,-0.9607186046511628
theta-fuel,tfuel,Theta Fuel,0.071665,-2.66983,0.07399394233227419,0.06975425728121569,14.780485328000003,379.218862023,44.47369705514013,243.46881791598508,49.995095134978484,49.99413317888308,0.050673,71.73,8.864e-05,0.998986,379.218862023,1149.9592684686238,2679.1373989602475,-1920.6996749142477,-98.79508922535805,-43.27692586829108,-55.518163357066975,555.9199352960402,4.843611533763543
zcash,zec,Zcash,31.4,5.35454,32.84144074928051,30.67774568646585,20.650485328000002,196.17236202299998,40.11579803676008,223.27178763827223,50.194032194640805,50.07843414553062,0.071665,0.050673,71.73,2.05,196.17236202299998,846.039447523381,1888.251257069762,-1495.906533023762,-102.68164795240114,-55.15787028511309,-47.523777667288044,558.2263848291693,405.693606880116
turbo,turbo,Turbo,0.00681793,2.20927,0.007155750808636051,0.006510211989818624,20.651831186000003,196.1468147695,26.746138001173392,202.00845718986534,49.9999650417632,49.999994474277095,31.4,0.071665,0.050673,8.864e-05,196.1468147695,846.0456742076759,1888.2381631848518,-1495.9445336458518,-107.06081079025648,-65.53845838614177,-41.52235240411471,560.3774886385141,-0.9995783593073593
wemix-token,wemix,WEMIX,1.15,-5.39494,1.2060005815148938,1.0970472371450573,6.535831186000003,195.9473147695,18.214092000782262,182.87908031464008,50.00688550927895,49.99827397297756,0.00681793,31.4,0.071665,71.73,195.9473147695,846.0935537591124,1888.1344222877249,-1496.2397927487248,-109.18051859449922,-74.26687042781326,-34.91364816668596,560.4583605449096,-0.9996965595125954
bitcoin-gold,btg,Bitcoin Gold,26.14,-1.77904,26.506270026900136,25.46080331661786,11.753696586,197.2043776695,20.856061333854843,167.95154885610293,50.06391752869388,50.06447767591421,1.15,0.00681793,31.4,0.050673,197.2043776695,845.8072975293277,1888.8189727281554,-1494.4102173891554,-107.60353161953839,-80.93420266615828,-26.669328953380102,561.0902109821787,34.775873867462295
stader-ethx,ethx,Stader ETHx,3592.27,0.42922,3660.7097473643694,3537.223874340816,730.193363586,376.8102544195,1211.3273742225697,494.07711563171216,48.69855171870362,52.81433759484419,26.14,1.15,0.00681793,0.071665,376.8102544195,1134.0399466394094,2644.8901476983187,-1891.269638859319,179.33585739639437,-28.88019065364775,208.21604805004213,547.3677760744146,8528.72952437035
kava,kava,Kava,0.416952,-2.11902,0.4309763472398363,0.41168613578320706,723.996753986,376.7896132195,807.6905668150466,447.0618619525015,49.9978787048408,49.978120621894156,3592.27,26.14,1.15,31.4,376.7896132195,1134.047153951789,2644.883921123078,-1891.3046946840777,115.57261866646814,0.01037121037542832,115.56224745609272,533.2745547132364,-0.5544446854733315
dog-go-to-the-moon-rune,dog,DOGGOTOTHEMOON (Runes),0.00450773,-0.43169,0.004630547761509111,0.004285908884480109,723.996291946,376.72533860600004,538.4618804533645,404.484971074168,49.99718272226506,50.00001007485253,0.416952,3592.27,26.14,0.00681793,376.72533860600004,1134.0695925434836,2644.8645236929674,-1891.413846480967,64.26569682898787,12.861436334097917,51.404260494889954,533.2808680889736,-0.9954876945222455
xdce-crowd-sale,xdc,XDC Network,0.02995515,-0.15171,0.03138531482798768,0.029437172751333836,723.772282976,376.7262231725,358.9845720189097,365.96544574805677,49.99387433202954,49.9996810173128,0.00450773,0.416952,3592.27,1.15,376.7262231725,1134.0692832518007,2644.8647896761013,-1891.4123433311015,23.337623424819753,14.956673752242285,8.380949672577469,533.2449447921933,-0.9853877317073171
pax-gold,paxg,PAX Gold,2396.92,-0.17118,2460.286717200566,2329.2403905823803,1197.928282976,496.56836277249994,1038.2963813459398,559.3896890101466,62.23570218392569,46.92658187208281,0.02995515,0.00450773,0.416952,26.14,496.56836277249994,1215.8649789112412,2928.298320594982,-1935.1615950499825,182.21041708850777,48.40742241949538,133.80299466901238,708.9695548228393,27041063.981949456
aevo-exchange,aevo,Aevo,0.518958,-4.19105,0.536182253214437,0.5007887515608034,479.578074576,495.78581067249996,692.37057356396,506.1639051044184,49.99371805304606,50.00000302087961,2396.92,0.02995515,0.00450773,3592.27,495.78581067249996,1216.195436795867,2928.1766842642337,-1936.605062919234,113.4410364992205,61.41414523544041,52.026891263780094,880.0647854426778,-0.9927651191969887
project-galaxy,gal,Galxe,3.68,6.18973,3.7236587914521566,3.537921685181502,480.23068417599995,306.47631067250006,462.8070490426401,458.3082950944738,50.015097495907604,49.99630894553765,0.518958,2396.92,0.02995515,0.416952,306.47631067250006,939.7063151491851,2185.8889409708704,-1572.93631962587,58.5212797127507,60.83557213090247,-2.314292418151773,880.1472700942933,71.62250113472658
apenft,nft,APENFT,4.31238e-07,0.82217,4.434472039422042e-07,4.2040572348456604e-07,480.2297827162476,306.43977769406195,308.5380328388394,414.6598860789275,49.70406238207357,49.99747500308098,3.68,0.518958,2396.92,0.00450773,306.43977769406195,939.7188413516568,2185.8774603973757,-1572.9979050092516,14.5325098464956,51.5749596740211,-37.0424498275255,875.2035908002736,-0.9999939825856415
trust-wallet-token,twt,Trust Wallet,1.024,-3.60688,1.036823264085151,0.9923468632223268,480.4285916862476,306.4699203440619,206.03335522589293,375.2659921666487,50.004039219887815,50.00220337621202,4.31238e-07,3.68,0.518958,0.02995515,306.4699203440619,939.7085184078071,2185.886957159676,-1572.9471164715524,-20.015552161141954,37.25685730698849,-57.27240946813045,870.1576528975332,-0.9673885350318472
g-token,g,Gravity,0.057941,0.6307,0.05857213693789563,0.05650309737206924,1.0561798862476,306.42602724406186,137.37488381726197,339.5318920555393,49.99994305109607,49.998048709404,1.024,4.31238e-07,3.68,2396.92,306.42602724406186,939.723561185275,2185.873149614612,-1573.021095126488,-46.932089185232485,20.419068008544297,-67.35115719377679,870.2250940375544,7.498327204884767
constitutiondao,people,ConstitutionDAO,0.081673,-4.48913,0.08251624810804213,0.0793254293892615,0.9687228862476001,306.3801615940619,91.61048021150799,307.2032997645356,49.869703427909336,49.99694513833929,0.057941,1.024,4.31238e-07,0.518958,306.3801615940619,939.7392751875082,2185.8587119690783,-1573.0983887809543,-67.48381234444605,2.8384919379462286,-70.32230428239228,867.8861511446137,-0.92898
usdb,usdb,USDB,1.002,-0.10509,1.0206026596194322,0.957527293480741,0.4331228862475999,306.3277615940619,61.40765347433867,278.04127121553216,50.00415087414969,50.00250227111691,0.081673,0.057941,1.024,3.68,306.3277615940619,939.7571668613016,2185.842095316665,-1573.1865721285412,-82.7431270550043,-14.277831860643877,-68.46529519436042,865.710825421157,-0.9616679418515685
woo-network,woo,WOO,0.207097,-2.89365,0.21549428954324124,0.20128102277943954,0.47454219999999997,306.3381120120619,41.00746798289245,251.58087367119577,49.996067065997124,50.00032837588818,1.002,0.081673,0.057941,4.31238e-07,306.3381120120619,939.7536165514163,2185.8453451148944,-1573.1691210907707,-93.8189000498291,-30.186045498480922,-63.632854551348174,865.682363730136,-0.9999423492666197
manta-network,manta,Manta Network,1.06,5.55826,1.0920723829592194,1.0283278053639477,0.48174220000000006,302.8046120120619,27.691645321928302,227.7217428453676,49.89517797794043,49.96177054262038,0.207097,1.002,0.081673,1.024,302.8046120120619,940.8144395490159,2184.4334911100937,-1578.82426708597,-101.35930087426644,-44.420696573638025,-56.93860430062841,863.9344141127116,1.5422590609950309
h2o-dao,h2o,H2O Dao,0.476336,0.38143,0.48961419096208175,0.47141613966691204,0.5654212000000001,302.8258951620619,18.619875547952205,206.0793231458088,28.614136680941044,38.150095161522565,1.06,0.207097,1.002,0.057941,302.8258951620619,940.8072349526092,2184.4403650672803,-1578.7885747431565,-106.15849066122709,-56.76825539115584,-49.39023527007125,604.3643310052805,104.67092527724597
singularitynet,agix,SingularityNET,0.614593,0.14651,0.6322269895845081,0.6030758912814869,0.6720052,302.8530415620619,12.618114698634804,186.51125360811272,50.00205624414602,49.99952432064714,0.476336,1.06,0.207097,0.081673,302.8530415620619,940.7980471800812,2184.4491359222243,-1578.7430527981005,-108.69772722182331,-67.15414975728933,-41.54357746453398,347.81415794280684,19.517106407412413
mx-token,mx,MX,4.0,0.27403,4.087937480314566,3.845892264021581,1.2716052,301.4830415620619,9.74540979908987,169.12922945495913,50.0415431434335,50.0146635769159,0.614593,0.476336,1.06,1.002,301.4830415620619,941.2339939131651,2183.9510293883923,-1580.9849462642683,-109.17837608016141,-75.55899502186375,-33.61938105829766,348.03277782774956,-0.9983311916960099
arkham,arkm,Arkham,1.57,-0.80903,1.6172910503592042,1.4921185993029225,1.5441858,301.5612006655619,7.020273199393247,153.17120760210588,50.016004618428596,50.002598077403015,4.0,0.614593,0.476336,0.207097,301.5612006655619,941.2077065793679,2183.9766138242976,-1580.854212493174,-108.50460095686319,-82.14811620886364,-26.356484747999545,348.20999238602593,2.025292990954952
safepal,sfp,SafePal,0.817049,0.0083,0.8355502604743333,0.7931937196719672,1.4955956000000001,301.5445531155619,4.952531799595499,138.66128773523866,0.39359079706179045,49.999254711554485,1.57,4.0,0.614593,1.06,301.5445531155619,941.2133026688806,2183.971158453323,-1580.8820522221993,-106.80025926246302,-87.07854481958351,-19.721714442879502,172.5328526881518,-0.7779758152173913
compound-ether,ceth,cETH,69.89,-0.44371,71.81003445455859,69.1344231719854,15.378328400000001,303.7320531155619,26.598354533063667,132.11164128426356,89.51136160494873,50.27636028473885,0.817049,1.57,4.0,0.476336,303.7320531155619,940.5901731380582,2184.9123993916783,-1577.4482931605544,-98.73775888921543,-89.4103876335099,-9.327371255705529,6.430979417160331,162068276.84193414
memecoin-2,meme,Memecoin,0.01643205,-1.54116,0.0171511139797113,0.015831370687043864,15.258696210000002,124.1193747180619,17.73771370537578,119.53114516671465,48.814369489857995,50.00006621238288,69.89,0.817049,1.57,0.614593,124.1193747180619,535.1849000619278,1194.4891748419175,-946.2504254057937,-96.8697283034606,-90.90225576750004,-5.967472535960567,11.193084262721817,-0.983953076171875
rocket-pool,rpl,Rocket Pool,17.98,-3.79,18.175543121614925,17.385188885532607,18.05469621,124.99752711806191,17.818475803583855,109.85960753178945,55.32638810190622,49.781288738927,0.01643205,69.89,0.817049,4.0,124.99752711806191,534.9856132978614,1194.9687537137847,-944.9736994776608,-92.86925187355628,-91.29565498871129,-1.5735968848449886,12.227306512151864,309.3156659360384
blur,blur,Blur,0.209326,-1.12928,0.2169798131223235,0.20126909932872739,17.78256141,125.00776803156188,11.948759202389239,99.41672357638093,49.78044560189949,50.0006484111371,17.98,0.01643205,69.89,1.57,125.00776803156188,534.9830966549121,1194.973961341386,-944.9584252782622,-90.09424003960213,-91.05537199888946,0.9611319592873286,13.423157088425016,1.5629767487419346
aragon,ant,Aragon,9.09,-1.28656,9.472293634243163,8.945138590404355,19.43715161,125.4607702740619,10.995839468259494,90.81417847386847,52.334546086092715,50.0368310537639,0.209326,17.98,0.01643205,0.817049,125.4607702740619,534.8755256788958,1195.2118216318534,-944.2902810837296,-86.18494064787618,-90.08128572868681,3.896345080810633,14.015690712111818,8.071856287425149
dymension,dym,Dymension,1.89,-4.66476,1.9538667408594592,1.8695946125522263,5.83715161,5.7092702740619,7.96055964550633,82.34520909540481,50.45068497159108,49.87924260177148,9.09,0.209326,17.98,69.89,5.7092702740619,15.692772974918112,37.09481622389812,-25.676275675774324,-82.7142936526735,-88.60788731348416,5.893593660810652,14.529678579207513,8.126158273659202
osmosis,osmo,Osmosis,0.534065,-3.00819,0.5545154710359087,0.509436969714497,5.9406782,5.710025624061901,5.485061430337554,74.55367156250912,49.88363036451356,50.00216285623506,1.89,9.09,0.209326,0.01643205,5.710025624061901,15.692510358899867,37.09504634186163,-25.674995093737834,-79.16067850084606,-86.71844555095655,7.557767050110485,14.561223819969374,-0.49616509433962264
echelon-prime,prime,Echelon Prime,8.36,-1.47305,8.749081695925076,8.128352689347642,4.016678199999999,5.9440256240619,6.443374286891703,68.24951236607968,51.95901788757988,50.029560426433214,0.534065,1.89,9.09,17.98,5.9440256240619,15.695539068018466,37.33510376009883,-25.44705251197503,-74.8500999801739,-84.34477643680002,9.494676456626124,15.090816514162555,16.550636525477813
stepn,gmt,GMT,0.155389,-1.58451,0.16164814590847648,0.15310139526788535,4.0058908,5.9517950525000005,4.347379191261135,61.76435775978638,49.79005324464276,49.893318328009734,8.36,0.534065,1.89,0.209326,5.9517950525000005,15.69248002484047,37.336755102180945,-25.433164997180942,-71.27437238728062,-81.73069562689615,10.456323239615529,15.613811030003475,-0.7471676377700365
corgiai,corgiai,CorgiAI,0.00101611,-1.48626,0.0010496356354427277,0.0009865235020612964,2.188094022,5.900645858,2.898591497507424,55.88213474552101,49.88946506828161,29.14526390507389,0.155389,8.36,0.534065,9.09,5.900645858,15.711043615728975,37.32273308945795,-25.52144137345795,-67.6729474964693,-78.91914600081078,11.246198504341478,15.58279807401525,-0.9997459725
compound-governance-token,comp,Compound,50.37,-1.98632,51.06758274225083,49.26146729683331,11.884094022,8.416248808,18.722394331671616,55.35716953166187,59.37933122445888,50.492525438897495,0.00101611,0.155389,8.36,1.89,8.416248808,18.50564925427011,45.42754731654022,-28.595049700540223,-60.062078026728585,-75.14773240599435,15.085654379265762,19.219274905634276,31.082802547770697
golem,glm,Golem,0.345478,-3.57891,0.35805927328671733,0.33402614013233545,11.846376622,8.429439058000002,12.596755554447745,50.117960814360735,49.414111726014305,50.00332931598396,50.37,0.00101611,0.155389,0.534065,8.429439058000002,18.499488954536517,45.428416967073034,-28.569538851073034,-57.405238139874996,-71.59923355277049,14.19399541289549,22.54517700417378,-0.577163670722319
kusama,ksm,Kusama,22.63,-1.33108,23.5323373960655,21.618048772156577,14.700376621999999,9.510839058,15.94117036963183,47.50005978442162,53.17423696262061,50.219717210902516,0.345478,50.37,0.00101611,8.36,9.510839058,18.67378024045659,46.85839953891318,-27.83672142291318,-52.89179501325323,-67.85774584486704,14.96595083161381,24.02224686098581,-0.6762054657318644
ponke,ponke,PONKE,0.624804,-0.04184,0.64579164105829,0.5950249288566521,14.794259621999998,9.531724407999999,10.83571491308789,43.0357497097148,49.97276871244292,6.71588146815283,22.63,0.345478,50.37,0.155389,9.531724407999999,18.663057485905124,46.857839379810244,-27.79439056381025,-50.508266375435575,-64.38784995098075,13.879583575545176,25.54068748890119,37.02349676394607
jito-governance-token,jto,Jito,2.71,-2.92613,2.7415153448652925,2.6217106577537153,15.336056399999999,9.614224408,8.127143275391926,39.19520211831339,38.255152672358385,50.29308936131211,0.624804,22.63,0.345478,0.00101611,9.614224408,18.627249795839404,46.86872399967881,-27.64027518367881,-47.89889620762476,-61.090059202309554,13.191162994684795,20.6209536239231,-0.8492769744160178
pepecoin-2,pepecoin,PepeCoin,2.83,-3.88765,2.862070205564599,2.702955864251713,5.8280563999999995,9.731907608,6.361428850261285,35.73184953561688,50.65055342146481,49.88536530636208,2.71,0.624804,22.63,50.37,9.731907608,18.573838383633177,46.879584375266354,-27.415769159266354,-45.29908885440973,-57.9318651327296,12.632776278319866,15.641306889065948,12.519581896181077
curve-dao-token,crv,Curve DAO,0.278968,-3.15418,0.2887855268578333,0.26912457788101735,5.8147544,9.715126358000001,4.333941900174191,32.3553846274629,45.593067211561866,50.03773769548709,2.83,2.71,0.624804,0.345478,9.715126358000001,18.5826588419495,46.880444041899,-27.450191325899,-42.949474946854835,-54.93538709555465,11.985912148699818,14.52714719981624,-0.9693104510451045
zilliqa,zil,Zilliqa,0.01749028,-2.03617,0.01815611352055675,0.016973522187774138,1.2922524560000002,9.516000872000001,2.895124693449461,29.27558516579976,49.947678063396715,49.86356163191948,0.278968,2.83,2.71,22.63,9.516000872000001,18.668263866673673,46.852528605347345,-27.820526861347346,-40.640015265359054,-52.076312729515536,11.436297464156482,13.275951741040592,-0.9907458835978836
holotoken,hot,Holo,0.00183984,-1.82035,0.0018892628035849875,0.001790394815491447,1.1676596240000001,9.437592864,1.9306964089663077,26.487609420485498,47.395307280768606,49.99237550889478,0.01749028,0.278968,2.83,0.624804,9.437592864,18.706647867156406,46.850888598312814,-27.97570287031281,-38.368723923043454,-49.334794968221125,10.96607104517767,12.61543261610783,-0.9965550260736052
enjincoin,enj,Enjin Coin,0.197153,-1.05359,0.20208143058042155,0.19488942926101255,0.665090224,9.406598064,1.3528486059775384,23.983756428058307,49.49452994074362,50.01568712285056,0.00183984,0.01749028,0.278968,2.71,9.406598064,18.72218997663984,46.85097801727968,-28.037781889279678,-36.1363912070635,-46.6951142159896,10.558723008926101,12.11399234490302,-0.976417105263158
dash,dash,Dash,27.21,-2.80918,27.589199768691003,26.21107162722963,5.5410902239999995,7.272598064,9.971899070651693,24.291017720624183,56.90693959182091,53.32449512515713,0.197153,0.00183984,0.01749028,2.83,7.272598064,13.033413826835881,33.33942571767176,-18.79422958967176,-31.820730871671078,-43.7202375471259,11.89950667545482,13.971955469074842,174.10892019383613
dydx,ethdydx,dYdX,1.41,-0.98264,1.447440892366431,1.3492646262369246,5.767296624,7.342276461500001,7.117932713767796,22.11187317580283,48.35373380168966,50.143486222116096,27.21,0.197153,0.00183984,0.278968,7.342276461500001,12.996251793468234,33.33478004843647,-18.650227125436466,-30.13500575566082,-41.003191188832886,10.868185433172066,15.232363946063272,1386.6450384308785
blast,blast,Blast,0.01767836,-2.93053,0.01851279096765913,0.017291926031108976,5.76733424,6.4441603794999995,4.751181262511864,20.007664145726373,49.96629224243694,49.87582824333885,1.41,27.21,0.197153,0.01749028,6.4441603794999995,12.842169390101885,32.12849915970377,-19.24017840070377,-28.581930473593967,-38.5189390457851,9.937008572191136,14.745636051008756,-0.9996490299781616
celo,celo,Celo,0.587539,-1.69427,0.594903528807109,0.5622389118675107,5.884474072000001,6.4630710295,3.3633005083412426,18.158128417561958,50.14327317126067,50.01324804692313,0.01767836,1.41,27.21,0.00183984,6.4630710295,12.832780148031835,32.128631325563674,-19.20248926656367,-26.993954626349637,-36.21394216189801,9.219987535548373,14.775837671887981,0.7006553239280071
0x,zrx,0x Protocol,0.374556,-0.94963,0.3900096183148582,0.37028289919889806,5.919954672,6.027298829499999,2.3670523388941622,16.46445485398463,33.8234822253237,49.97140854703883,0.587539,0.01767836,1.41,0.197153,6.027298829499999,12.88674551922742,31.80078986795484,-19.746192208954838,-25.45918068761007,-34.06298986704042,8.603809179430353,11.143744062498714,-0.9834486964206806
gmx,gmx,GMX,33.03,0.15184,33.8720637480119,31.427462461892773,7.083954672,7.5842988295,12.588034892596108,18.042125820271806,61.914582489622504,53.23244721001138,0.374556,0.587539,0.01767836,27.21,7.5842988295,14.177149220466164,35.938597270432325,-20.76999961143233,-21.361596676488066,-31.522711228929953,10.161114552441887,9.962425054509017,51.86457833176484
maga,trump,MAGA,6.82,-2.92642,6.8957691172642575,6.687166959547339,8.165954672000002,7.898595579499999,10.665356595064074,16.973351932626873,44.3970869172744,50.55517886900765,33.03,0.374556,0.587539,1.41,7.898595579499999,14.081982417029161,36.06256041355832,-20.265369254558323,-19.998628044680366,-29.21789459208004,9.219266547399673,10.187851743393812,1.5166051660516606
ankr,ankr,Ankr Network,0.03137595,-5.9752,0.03261414048556783,0.03050791365510654,8.16869419,7.482164377000001,7.120696380042717,15.359830410471933,49.76427086847594,49.9179635819967,6.82,33.03,0.374556,0.01767836,7.482164377000001,14.19034938705673,35.86286315111346,-20.89853439711346,-19.244413194179398,-27.22319831249991,7.978785118320513,9.098888673051068,-0.9889130918727915
superfarm,super,SuperVerse,0.690889,-1.46081,0.7230305669602118,0.6686611327443683,8.189364190000001,7.508939377,4.977427253361812,13.962788371379368,49.18875410109539,41.570188721836026,0.03137595,6.82,33.03,0.587539,7.508939377,14.176295530914713,35.861530438829426,-20.843651684829425,-18.381583843568333,-25.4548754187136,7.073291575145266,8.997098906772134,1.476588712683892
liquid-staked-ethereum,lseth,Liquid Staked ETH,3657.66,-0.33647,3742.937149874161,3541.870065122281,739.64645299,190.3918885715,1222.5382848355744,360.981570431248,98.32776594788912,95.74869872107674,0.690889,0.03137595,6.82,0.374556,190.3918885715,816.2314337077147,1822.8547559869294,-1442.0709788439294,274.22793044358934,34.481685753746994,239.74624468984234,276.2890379448327,209124.29702211742
beldex,bdx,Beldex,0.04605934,-4.85987,0.04736100350089877,0.04466751052059287,733.0496648579999,187.8756915385,815.0408763370497,326.6067598511291,49.99843398684813,49.88258807481251,3657.66,0.690889,0.03137595,33.03,187.8756915385,816.763191041159,1821.4020736208179,-1445.650690543818,208.57982323194824,69.30131324938725,139.278509982561,537.364356306787,24.03442690668754
origintrail,trac,OriginTrail,0.75271,14.92952,0.7684557606993695,0.7451259265519931,731.836206858,187.8960531385,543.6114875580332,295.5730408176882,50.00494311731292,50.003565453455124,0.04605934,3657.66,0.690889,6.82,187.8960531385,816.7582749888721,1821.4126031162443,-1445.6204968392442,154.82551395089666,86.40615338968914,68.41936056120753,537.3972421598504,2.8178977748246288
radix,xrd,Radix,0.02854524,0.20685,0.02889560791952101,0.02764752187337032,731.835640716,186.76598040049998,362.4171734520222,267.4259460007655,50.000179531840864,49.94047889775078,0.75271,0.04605934,3657.66,0.03137595,186.76598040049998,817.0145687810533,1820.7951179626066,-1447.2631571616066,110.88815292134464,91.30255329602024,19.585599625324406,537.4479109164891,-0.9989509283351709
compound-wrapped-btc,cwbtc,cWBTC,1349.12,0.70181,1399.028039673341,1318.9755942990564,1001.521462916,254.1907402005,691.3181156346814,370.44442733402593,57.6761915309396,57.52318023069687,0.02854524,0.75271,0.04605934,0.690889,254.1907402005,855.5773572658688,1965.3454547322376,-1456.9639743312378,182.82044305942958,109.6061312487021,73.21431181072748,637.3621432624007,955.8226950354609
siacoin,sc,Siacoin,0.00517018,-10.35788,0.00535185312508813,0.00502719371708069,269.99049695199994,254.0554987095,460.88046714978765,335.1644980812615,49.865435990142615,49.99743295280704,1349.12,0.02854524,0.75271,3657.66,254.0554987095,855.6194138740275,1965.294326457555,-1457.183329038555,129.47253075394707,113.5794111497511,15.893119604195974,731.7709236936572,-0.7075418760563763
polymesh,polyx,Polymesh,0.278577,-4.25568,0.29103040575362393,0.27205105028078796,270.037000484,253.9279275595,307.34650376652513,303.2706008354271,49.994389442697724,49.96074717717341,0.00517018,1349.12,0.02854524,0.04605934,253.9279275595,855.6590318169074,1965.2459911933147,-1457.3901360743148,86.22207315832463,108.10794355146581,-21.885870393141175,729.9441468973708,-0.5258578579464512
terra-luna-2,luna,Terra,0.432407,-1.9283,0.4443372517840174,0.41659548659093537,269.97293988399997,253.93559950949998,205.0418048443501,274.42886808919593,50.00205682988825,50.00134657587666,0.278577,0.00517018,1349.12,0.75271,253.93559950949998,855.656638554583,1965.248876618666,-1457.377677599666,51.366070618639554,96.75956896490057,-45.39349834626101,729.8565077672147,0.15445220474375
basic-attention-token,bat,Basic Attention,0.196781,-1.75743,0.19966342266093298,0.19474537181949372,270.006587036,253.94456404550002,136.76013022956676,248.31152646165347,49.998061987279954,50.000951599520675,0.432407,0.278577,0.00517018,0.02854524,253.94456404550002,855.6538392291683,1965.2522425038367,-1457.3631144128365,23.453072017819153,82.09826957548428,-58.64519755766513,729.8322532285985,-0.9940423554344535
aethir,ath,Aethir,0.077802,-4.5581,0.07947154426225896,0.07618904445136136,0.198147436,253.94836215349997,91.19935415304452,224.67021937006743,49.99852819804226,49.754332980575825,0.196781,0.432407,0.278577,1349.12,253.94836215349997,855.6526528596918,1965.2536678728836,-1457.3569435658835,1.3071508916171695,65.94004583871086,-64.63289494709369,729.8253486467947,-0.9885920821114369
just,jst,JUST,0.0294498,-1.57305,0.030381660919574408,0.029024991960719608,0.20300336,253.9399769935,60.809386035363026,203.27586036339434,49.83579705662406,49.9984486931903,0.077802,0.196781,0.432407,0.00517018,253.9399769935,855.6552712477896,1965.2505194890794,-1457.3705655020792,-16.062395475539546,49.53955757586078,-65.60195305140033,727.4361535939396,-0.06138937625792995
reserve-rights-token,rsr,Reserve Rights,0.00575226,2.47791,0.005877138508007568,0.0055885336746398775,0.148438412,252.57976460650002,40.54150811024202,183.91680244878538,49.96600532472073,49.888699739321325,0.0294498,0.077802,0.196781,0.278577,252.57976460650002,856.056196677753,1964.692157962006,-1459.5326287490059,-29.489857584331418,33.733674543822346,-63.223532128153764,725.5562270386448,-0.9916741184184434
m2-global-wealth-limited-mmx,mmx,MMX,2.03,0.69339,2.120803570353833,1.9657243230892036,0.46795701199999995,252.61076460649997,27.70433874016135,166.59424983461534,50.0099754061194,50.00692649574344,0.00575226,0.0294498,0.077802,0.432407,252.61076460649997,856.0466336353257,1964.7040318771515,-1459.4825026641515,-39.51240377481699,19.08445888009448,-58.59686265491147,725.2223384117882,-0.9994450003554185
ethereum-pow-iou,ethw,EthereumPoW,2.68,-0.33396,2.7265201328833895,2.622923013775297,0.9646008119999999,252.74388068849998,19.362892493440903,150.98336889798532,50.00992793461286,49.999852102997146,2.03,0.00575226,0.0294498,0.196781,252.74388068849998,856.0054938857311,1964.7548684599622,-1459.2671070829622,-46.86269034827643,5.895029034420299,-52.75771938269673,725.22268594864,57.185809870484476
nxm,nxm,Nexus Mutual,77.57,1.42892,80.55369643245449,75.15329643112877,16.463040411999998,256.5930037385,38.76526166229393,143.99161947912955,22.185565324364248,50.365764255892955,2.68,2.03,0.00575226,0.077802,256.5930037385,854.9844399490614,1966.561883636623,-1453.3758761596227,-46.11328307280131,-4.506633387024023,-41.606649685777285,463.48178848851796,102.05429713966866
aelf,elf,aelf,0.396676,-1.4134,0.40474491373066745,0.38272310004737115,16.536485652,256.5941097385,25.975733108195957,130.31591057635532,50.00613990530427,50.00057186523053,77.57,2.68,2.03,0.0294498,256.5941097385,854.9840910771655,1966.5622918928311,-1453.374072415831,-51.15690967950542,-13.836688645520303,-37.32022103398511,207.7369273749804,12.89639743789157
qtum,qtum,Qtum,2.69,-1.82163,2.813955330536456,2.639091827771286,17.073335199999995,255.07710973849998,18.213822072130643,118.16106195003577,50.03390646295862,50.012981392212474,0.396676,77.57,2.68,0.00575226,255.07710973849998,855.4284394046992,1965.9339885478985,-1455.7797690708985,-54.34254103598863,-21.93785912361397,-32.40468191237466,207.85799043996877,-0.9980061076850095
metis-token,metis,Metis,49.38,0.39176,50.45326794751848,48.032723518984895,26.543335199999994,257.2051097385,28.602548048087097,111.61048462146094,50.85007194028677,50.23876579548134,2.69,0.396676,77.57,2.03,257.2051097385,854.8310890291314,1966.8672877967629,-1452.4570683197626,-52.4945594373816,-28.049199186367495,-24.4453602510141,211.21786225921102,9549.924726025014
biconomy,bico,Biconomy,0.338478,-1.82039,0.3462602651348671,0.328101330558951,26.075030799999997,257.22046484099997,19.1811913653914,101.01315065751228,7.9224022957286735,50.00068015748401,49.38,2.69,0.396676,2.68,257.22046484099997,854.8262290965853,1966.8729230341705,-1452.4319933521706,-54.36062621411533,-33.311484591917065,-21.049141622198263,114.79303399036105,0.2150249302706253
ravencoin,rvn,Ravencoin,0.01978751,-1.77602,0.020248573444206486,0.019252866731383024,10.564988302,257.1869097665,12.794056746927602,91.39473511965397,50.00287816370855,49.868804054535374,0.338478,49.38,2.69,77.57,257.1869097665,854.8368419177325,1966.8605936019649,-1452.4867740689651,-55.22857263139542,-37.69490219981274,-17.533670431582685,18.450480585145737,-0.9542386917880608
ether-fi,ethfi,Ether.fi,2.41,0.24714,2.4898324066606556,2.3365306432226114,10.967653102,74.42440976649999,9.332704497951735,82.91999844159169,50.416209328457086,50.00483604169079,0.01978751,0.338478,49.38,0.396676,74.42440976649999,300.6856995112452,675.7958087889904,-526.9469892559905,-55.088529966171606,-41.17362775308452,-13.914902213087089,18.60649377592481,11.247117353809564
paal-ai,paal,PAAL AI,0.324236,0.03604,0.33127496190765787,0.31054906186895986,10.494500302,74.43831859949998,6.329881665301157,75.05373535191629,49.97903530660268,50.00148242610087,2.41,0.01978751,0.338478,2.69,74.43831859949998,300.68208432020515,675.8024872399103,-526.9258500409103,-54.51740614622506,-43.84238343171263,-10.67502271451243,18.744614539235318,3.1674507082080154
io,io,io.net,2.89,-4.53942,3.023985458734571,2.818567302865665,1.196500302,74.5451830995,5.183254443534105,68.18099865173379,50.51730223265344,50.01113190180431,0.324236,2.41,0.01978751,49.38,74.5451830995,300.6548961824421,675.8549754643842,-526.7646092653841,-53.24398715172308,-45.722704175714725,-7.521282976008358,18.920477955703465,97.1330942824739
bitcoin-avalanche-bridged-btc-b,btc.b,Bitcoin Avalanche Bridged (BTC.b),66930.0,0.03404,68527.10694952044,65165.24290848025,13387.128804702,3421.0437558375,22313.455502962355,6435.973284494426,99.8084588294999,93.30970647221054,2.89,0.324236,2.41,0.338478,3421.0437558375,14951.47010209668,33323.98396003086,-26481.89644835586,5287.275232711797,1020.8768832017877,4266.398349510009,4913.498789210339,11635425.771390723
casper-network,cspr,Casper Network,0.02187822,-2.28012,0.02221687613901769,0.02140296266095303,13387.129222844,3353.5888497485003,14875.644294714904,5823.025531515908,49.99999717725316,49.98855203903967,66930.0,2.89,0.324236,0.01978751,3353.5888497485003,14964.347499119986,33282.283847988474,-26575.10614849147,4072.045309981827,1631.1105685577954,2440.9347414240315,9694.208062069574,-0.989222551724138
qubic-network,qubic,Qubic,2.46e-06,-3.59382,2.5660477862121635e-06,2.4209642635673594e-06,13386.647223336,3353.5885913624998,9917.096197296605,5268.451671605822,49.9999978564276,49.997634241317144,0.02187822,66930.0,2.89,2.41,3353.5885913624998,14964.347560073262,33282.28371150902,-26575.106528784025,3073.535274335248,1919.595509713286,1153.9397646219618,9694.207920250483,-0.9999990820895522
benqi-liquid-staked-avax,savax,BENQI Liquid Staked AVAX,36.79,10.03317,38.281569479860956,35.378344848230086,13393.940376136,3355.4141625125003,6623.660798197738,4770.198179071935,50.012955453651,50.01274838252068,2.46e-06,0.02187822,66930.0,0.324236,3355.4141625125003,14963.919164133617,33283.252490779734,-26572.42416575473,2259.135613454819,1987.5035304615926,271.6320829932265,9696.79124280116,-0.5257187056851875
skale,skl,SKALE,0.050236,-2.55476,0.05268919511088223,0.04789259341381968,13393.372423336,3355.3950539625002,4415.790610798493,4315.8983749698455,49.999020120179026,49.999777868561054,36.79,2.46e-06,0.02187822,2.89,3355.3950539625002,14963.92367409029,33283.24240214308,-26572.45229421808,1592.397258503432,1908.4822760699606,-316.08501756652845,9699.365927606426,-0.8733576016698766
venom,venom,Venom,0.154634,3.19952,0.16153103235146904,0.15229708487010815,7.403350136,3355.3929466125,2943.911951865662,3904.875161544146,49.97113807340215,48.69885018881074,0.050236,36.79,2.46e-06,66930.0,3355.3929466125,14963.924171470333,33283.24128955317,-26572.455396328165,1051.8852542252403,1737.1628717010167,-685.2776174757764,9693.811470363562,-0.9425152416356878
ocean-protocol,ocean,Ocean Protocol,0.614554,-1.08454,0.6306980831726694,0.6071237696227552,7.521885292,3355.4197842125004,1962.812819243775,3533.0408179685132,50.00008127556851,50.00020764376888,0.154634,0.050236,36.79,0.02187822,3355.4197842125004,14963.917837515255,33283.25545924301,-26572.41589081801,616.4565806257997,1513.0216134859734,-896.5650328601737,9688.332098019504,-0.9875545970028352
wrapped-beacon-eth,wbeth,Wrapped Beacon ETH,3626.52,-0.42725,3689.536609127444,3495.587152442922,732.8258848,3536.7443117225,2517.38187949585,3541.943597209607,51.316222830252876,51.290152386814896,0.614554,0.154634,0.050236,2.46e-06,3536.7443117225,14943.076522617834,33422.897356958165,-26349.408733513166,557.5296316960294,1321.9232171279846,-764.3935854319552,9951.653867719286,10713.197082232819
amp-token,amp,Amp,0.00457362,0.29367,0.004691737466335561,0.004488273898889096,725.468799524,3536.7442527905005,1678.256110870567,3204.6160711534544,49.98252073882212,49.99999168476724,3626.52,0.614554,0.154634,36.79,3536.7442527905005,14943.076537300016,33422.89732739053,-26349.40882180953,215.71350229115433,1100.6812741606186,-884.9677718694643,10207.279027989181,-0.7688632880033921
usd-coin-ethereum-bridged,usdc.e,Arbitrum Bridged USDC (Arbitrum),0.997436,-0.25347,1.013645738092681,0.9670120586957572,725.658239524,3536.6926245905,1119.1698859137116,2899.509534472173,50.000233355325214,49.527950800896235,0.00457362,3626.52,0.614554,0.050236,3536.6926245905,14943.08939424363,33422.87141307776,-26349.48616389676,-54.47022833239271,869.6509736620164,-924.1212019944091,10203.847397521231,-0.5861261410788382
gas,gas,Gas,3.87,-3.27967,3.976071303500097,3.741078674198021,726.401312724,3536.7521245904995,747.4032572758077,2623.7343407129188,50.0013634424904,50.00136616178981,0.997436,0.00457362,3626.52,0.154634,3536.7521245904995,14943.074584354456,33422.90129329941,-26349.39704411841,-265.30274461770887,642.6602300060714,-907.9629746237803,10204.037355390534,10.935750502720241
centrifuge,cfg,Centrifuge,0.507087,-1.76053,0.5289741659780159,0.49292654535663744,726.379819324,3532.8989789405,498.4378671838719,2373.903173692641,49.9993261424992,50.00008077323624,3.87,0.997436,0.00457362,0.614554,3532.8989789405,14944.023402611476,33420.94578416345,-26355.147826282453,-427.7297889595636,428.5822262129445,-856.3120151725082,10204.102143144675,-0.8245373702422145
zelcash,flux,Flux,0.705012,2.21271,0.7327616874482858,0.6743407320184338,1.216821724,3532.9143957405004,332.52691545591466,2147.8843011504846,50.00013484178964,50.00009635981445,0.507087,3.87,0.997436,3626.52,3532.9143957405004,14944.019566708648,33420.9535291578,-26355.124737676797,-550.0972423446685,232.8463325014219,-782.9435748460904,10203.968301983912,-0.9999894664276109
altlayer,alt,AltLayer,0.151031,-4.54703,0.15492692861556645,0.14859757463633466,1.2461132,3532.7874472905,221.7349539706098,1943.338275421867,49.99903005246091,49.999983828427254,0.705012,0.507087,3.87,0.00457362,3532.7874472905,14944.051144849896,33420.88973699029,-26355.314842409294,-639.7444565313504,58.32817469486747,-698.0726312262178,10203.815206624384,5.903258126118121
mask-network,mask,Mask Network,2.43,-1.07725,2.4818795237624354,2.363745699240911,1.532626,3530.4399472905,148.63330264707324,1758.4898682388318,4.941108757227667,50.00083143519635,0.151031,0.705012,0.507087,0.997436,3530.4399472905,14944.630815155439,33419.70157760138,-26358.82168302038,-702.5085446886494,-93.8391691818359,-608.6693755068135,5309.394770838907,987803.8780487805
rollbit-coin,rlb,Rollbit Coin,0.093319,-4.39617,0.09677861542908939,0.09116000339381017,0.7772898,3530.4276893405004,99.1199747647155,1591.023530216086,50.00048671132345,50.000022575583266,2.43,0.151031,0.705012,3.87,3530.4276893405004,14944.63386312426,33419.69541558902,-26358.84003690802,-743.863294353899,-223.84399421624855,-520.0193001376505,528.8490739074264,-0.9974634683337864
ssv-network,ssv,SSV Network,33.28,-3.24218,34.01991500035899,31.86046349481836,7.3318724,3532.0906999650006,77.17331650981033,1442.6670035288398,50.225709810356015,50.0117585547326,0.093319,2.43,0.151031,0.507087,3532.0906999650006,14944.22217420786,33420.53504838072,-26356.35364845072,-765.1392941046914,-332.10305419393717,-433.03623991075426,531.2708396360923,661.473126841309
nosana,nos,Nosana,2.81,5.873,2.863927376288875,2.758217610729859,7.75287,3532.110699965,52.38554433987356,1305.5377650975217,49.76934493854965,50.00027558336451,33.28,0.093319,2.43,0.705012,3532.110699965,14944.21720204679,33420.545104058576,-26356.32370412858,-775.5196438341761,-420.786372121985,-354.73327171219114,530.7165693053358,17.17194148764179
blox,cdt,Blox,0.346076,14.64125,0.35223028644732285,0.3361532890688176,7.791879,3532.111791965,35.039054893249045,1181.2337947072817,50.002017539805166,49.99917540719953,2.81,33.28,0.093319,0.151031,3532.111791965,14944.21693039096,33420.54565274692,-26356.32206881692,-775.0111181141518,-491.63132132041835,-283.3797967937335,528.2688363985034,-0.4368664104374881
api3,api3,API3,2.01,-2.99193,2.0573083129706546,1.9150420995401325,7.707879,3532.0677919649997,24.0293699288327,1068.9267666399217,50.01265034713186,49.973290266699784,0.346076,2.81,33.28,2.43,3532.0677919649997,14944.227869605404,33420.52353117581,-26356.387947245807,-765.6479303151114,-546.434643119357,-219.21328719575433,528.3831176328333,-0.9994457496442871
threshold-network-token,t,Threshold Network,0.02377994,-2.87259,0.024611829149015305,0.02329797835368997,7.693971188000001,185.568980962,16.027506599221805,967.12648219231,49.9959727936315,49.99986811472441,2.01,0.346076,2.81,0.093319,185.568980962,809.9846185191917,1805.5382180003835,-1434.4002560763834,-749.7452117842947,-587.0967568523446,-162.64845493195014,528.4910203427243,4.199369427280797
goldfinch,gfi,Goldfinch,2.95,-1.92791,3.01777041959152,2.9092583020521503,1.627971188,185.71538705100002,11.668337732814539,875.3001505549472,1.1886159516482024,50.00009195596797,0.02377994,2.01,0.346076,33.28,185.71538705100002,809.9495792849253,1805.6145456208508,-1434.1837715188506,-728.5082812863127,-615.3790617391383,-113.12921954717444,265.21044429644905,1.9575832434361704
tribe-2,tribe,Tribe,0.493598,1.93227,0.5108063801895577,0.4834662614291462,1.164690788,185.740066828,7.943424488543027,791.9852407878094,50.27864869959604,49.982704602263894,2.95,0.02377994,2.01,2.81,185.740066828,809.9436300585617,1805.6273269451233,-1434.1471932891234,-703.7635241464543,-633.0559542206015,-70.7075699258528,6.349803011625455,-0.8724552971576227
